timestamp,rainfall_24h_mm,discharge_m3s,water_level_m,flow_velocity_ms,soil_moisture_pct,turbidity_ntu,flood_event
2021-01-01,0.07832,0.96,1.09652,0.87,63.8,279.0,0
2021-01-02,0.485318,0.8,1.063583,0.76,53.3,49.0,0
2021-01-03,0.710816,1.29,1.007458,1.28,60.2,287.0,0
2021-01-04,2.625736,0.72,1.008,0.71,65.9,215.0,0
2021-01-05,1.64077,0.2,1.003667,0.2,40.0,70.0,0
2021-01-06,3.359459,1.23,1.005769,1.22,72.6,191.0,0
2021-01-07,8.45235,2.37,1.07372,2.21,72.9,513.0,1
2021-01-08,1.337592,2.26,1.012,2.24,72.2,526.0,1
2021-01-09,0.906302,0.37,0.991875,0.37,38.0,62.0,0
2021-01-10,0.045203,0.38,0.937625,0.4,49.5,168.0,0
2021-01-11,0.0,0.61,0.90116,0.68,45.6,170.0,0
2021-01-12,0.0,0.83,0.955917,0.87,57.2,265.0,0
2021-01-13,0.0,0.97,0.995192,0.97,57.0,173.0,0
2021-01-14,0.0,1.15,0.893583,1.29,68.5,250.0,0
2021-01-15,9.2e-05,0.32,0.884042,0.36,47.1,178.0,0
2021-01-16,0.0,0.57,0.880542,0.64,46.9,65.0,0
2021-01-17,0.0,0.89,0.88072,1.01,57.3,234.0,0
2021-01-18,0.0,0.27,0.835417,0.32,27.4,94.0,0
2021-01-19,0.0,0.73,0.78516,0.93,65.1,249.0,0
2021-01-20,0.0,0.78,0.819667,0.95,60.0,198.0,0
2021-01-21,0.0,1.06,0.802875,1.32,60.3,181.0,0
2021-01-22,0.0,0.51,0.776583,0.66,41.4,163.0,0
2021-01-23,0.0,0.81,0.77804,1.03,61.8,182.0,0
2021-01-24,0.0,0.75,0.760375,0.99,67.7,231.0,0
2021-01-25,0.0,0.69,0.71432,0.96,66.7,230.0,0
2021-01-26,0.0,0.42,0.680958,0.62,36.4,112.0,0
2021-01-27,0.0,0.49,0.667708,0.74,45.5,194.0,0
2021-01-28,0.0,0.15,0.753333,0.2,34.2,86.0,0
2021-01-29,0.094391,0.51,0.717708,0.71,30.0,125.0,0
2021-01-30,0.47926,0.75,0.741667,1.01,60.4,192.0,0
2021-01-31,0.182467,0.72,0.733333,0.98,65.4,223.0,0
2021-02-01,0.148597,0.87,0.747542,1.17,75.9,238.0,0
2021-02-02,0.0,0.32,0.738958,0.43,36.5,49.0,0
2021-02-03,0.085574,0.73,0.734583,1.0,49.9,189.0,0
2021-02-04,0.000508,5.92,3.155458,1.88,56.3,477.0,1
2021-02-05,0.0,2.36,1.871792,1.26,54.9,244.0,1
2021-02-06,0.0,1.74,1.8475,0.94,57.5,312.0,1
2021-02-07,0.0,3.4,1.831792,1.85,56.9,463.0,1
2021-02-08,0.0,2.02,1.833417,1.1,54.1,251.0,1
2021-02-09,0.0,3.73,1.862208,2.0,70.5,426.0,1
2021-02-10,0.0,2.7,1.67992,1.61,67.8,366.0,1
2021-02-11,0.0,4.77,1.840917,2.59,73.7,567.0,1
2021-02-12,0.0,4.32,1.902458,2.27,72.2,452.0,1
2021-02-13,0.0,2.79,1.873583,1.49,61.6,347.0,1
2021-02-14,0.0,4.22,1.871375,2.26,79.6,563.0,1
2021-02-15,0.0,3.38,1.856292,1.82,79.5,581.0,1
2021-02-16,0.0,2.78,1.8716,1.49,45.3,433.0,1
2021-02-17,0.0,2.1,1.820958,1.16,58.7,314.0,1
2021-02-18,0.0,3.19,1.790458,1.78,78.6,537.0,1
2021-02-19,0.080942,1.69,1.798583,0.94,55.9,284.0,1
2021-02-20,3.719206,2.54,1.792125,1.42,51.9,357.0,1
2021-02-21,1.893562,1.47,1.74392,0.84,41.9,228.0,1
2021-02-22,1.253297,3.73,1.798583,2.07,83.4,592.0,1
2021-02-23,0.001554,3.35,1.775458,1.89,71.7,459.0,1
2021-02-24,0.0,3.47,1.791042,1.94,68.3,504.0,1
2021-02-25,0.0,3.44,1.797125,1.91,68.1,510.0,1
2021-02-26,0.0,2.83,1.778167,1.59,55.0,380.0,1
2021-02-27,0.0,4.05,1.773833,2.28,63.8,456.0,1
2021-02-28,0.0,1.36,1.63524,0.83,57.7,281.0,1
2021-03-01,0.007029,1.48,1.61075,0.92,56.7,335.0,1
2021-03-02,0.00101,3.47,1.68916,2.05,64.8,464.0,1
2021-03-03,0.000659,2.58,1.5794,1.63,67.1,409.0,1
2021-03-04,0.008041,2.78,1.558731,1.79,67.5,472.0,1
2021-03-05,0.0,3.43,1.51796,2.26,76.4,503.0,1
2021-03-06,0.009086,1.28,1.434083,0.89,61.4,177.0,0
2021-03-07,4e-06,1.62,1.399417,1.16,53.9,118.0,0
2021-03-08,0.016753,0.71,1.37304,0.52,58.1,182.0,0
2021-03-09,0.00299,0.91,1.31925,0.69,52.2,124.0,0
2021-03-10,0.031777,0.43,1.277958,0.34,27.9,47.0,0
2021-03-11,0.003187,0.9,1.310875,0.68,43.6,154.0,0
2021-03-12,0.020684,1.72,1.5104,1.14,53.8,279.0,1
2021-03-13,0.003304,1.13,1.40488,0.81,49.5,149.0,0
2021-03-14,0.040976,1.58,1.34875,1.17,71.6,253.0,0
2021-03-15,0.000793,0.7,1.35588,0.52,41.6,80.0,0
2021-03-16,0.059991,0.4,1.453917,0.28,45.7,36.0,0
2021-03-17,0.006252,0.91,1.457808,0.63,44.4,56.0,0
2021-03-18,0.046338,0.83,1.439885,0.58,49.1,70.0,0
2021-03-19,0.005328,1.56,1.454269,1.07,64.9,145.0,0
2021-03-20,0.003211,1.39,1.422083,0.98,64.1,172.0,0
2021-03-21,0.045101,1.4,1.259481,1.11,72.5,221.0,0
2021-03-22,0.023663,1.32,1.234538,1.07,53.9,215.0,0
2021-03-23,0.114164,0.72,1.268042,0.56,47.2,145.0,0
2021-03-24,0.040315,1.04,1.189231,0.87,63.8,170.0,0
2021-03-25,0.134382,0.24,1.222889,0.2,40.4,95.0,0
2021-03-26,0.099307,0.71,1.27256,0.56,28.1,35.0,0
2021-03-27,0.039957,0.39,1.216125,0.32,37.7,74.0,0
2021-03-28,0.30603,1.29,1.371577,0.94,64.8,249.0,0
2021-03-29,0.025526,1.12,1.37476,0.81,43.4,189.0,0
2021-03-30,0.001435,1.07,1.3278,0.81,40.7,55.0,0
2021-03-31,0.001282,0.8,1.290923,0.62,42.8,187.0,0
2021-04-01,0.007056,0.66,1.394583,0.47,39.4,39.0,0
2021-04-02,0.003844,1.05,1.355208,0.78,63.8,250.0,0
2021-04-03,0.014176,1.04,1.27728,0.81,65.9,171.0,0
2021-04-04,2.044853,0.46,1.288917,0.36,43.0,110.0,0
2021-04-05,0.098568,0.4,1.18252,0.34,36.1,185.0,0
2021-04-06,0.260241,1.2,1.199625,1.0,58.1,176.0,0
2021-04-07,0.027561,1.17,1.405125,0.84,44.2,128.0,0
2021-04-08,0.208755,0.51,1.44984,0.35,36.9,56.0,0
2021-04-09,0.21246,0.3,1.485292,0.2,26.5,65.0,0
2021-04-10,0.364291,1.47,1.426192,1.03,70.7,260.0,0
2021-04-11,1.164649,1.19,1.44788,0.82,68.5,213.0,0
2021-04-12,0.067531,1.58,1.475583,1.07,61.8,158.0,0
2021-04-13,1.532798,1.11,1.474958,0.75,42.1,140.0,0
2021-04-14,0.552752,1.72,1.448852,1.18,70.1,238.0,0
2021-04-15,11.024698,3.12,1.33648,2.34,78.2,550.0,1
2021-04-16,0.137556,1.59,1.36504,1.16,60.9,211.0,0
2021-04-17,0.364347,1.31,1.447792,0.91,53.6,117.0,0
2021-04-18,0.050337,21.87,13.110036,1.67,49.3,363.0,1
2021-04-19,1.306582,0.36,1.32772,0.27,23.8,102.0,0
2021-04-20,2.194334,1.57,1.41044,1.11,66.2,305.0,0
2021-04-21,1.665339,0.81,1.32236,0.61,42.9,159.0,0
2021-04-22,2.682064,0.79,1.343042,0.59,40.8,131.0,0
2021-04-23,2.372124,2.37,1.541083,1.54,62.4,354.0,1
2021-04-24,6.916821,3.52,1.793875,1.96,69.8,466.0,1
2021-04-25,0.679901,2.06,1.56376,1.32,61.9,322.0,1
2021-04-26,0.008828,3.9,1.58737,2.45,72.8,550.0,1
2021-04-27,0.479315,2.03,1.396808,1.46,63.0,196.0,0
2021-04-28,1.704216,1.69,1.392231,1.21,62.8,212.0,0
2021-04-29,1.130343,2.44,1.513185,1.61,79.0,420.0,1
2021-04-30,1.463865,1.21,1.40424,0.86,51.6,198.0,0
2021-05-01,0.291948,1.34,1.42832,0.94,59.6,229.0,0
2021-05-02,0.27237,1.22,1.36996,0.89,56.7,301.0,0
2021-05-03,0.808801,0.35,1.380667,0.25,35.9,41.0,0
2021-05-04,0.764674,1.23,1.391792,0.88,41.8,127.0,0
2021-05-05,1.940307,0.46,1.389458,0.33,32.5,88.0,0
2021-05-06,3.229755,0.8,1.33425,0.6,45.7,168.0,0
2021-05-07,0.197489,0.94,1.367208,0.69,47.5,90.0,0
2021-05-08,1.534658,0.42,1.36088,0.31,40.1,61.0,0
2021-05-09,0.670613,0.86,1.344458,0.64,28.7,98.0,0
2021-05-10,0.863644,1.5,1.345667,1.11,58.3,292.0,0
2021-05-11,0.518003,0.43,1.28036,0.34,26.9,63.0,0
2021-05-12,16.88569,3.51,1.48092,2.37,74.6,563.0,1
2021-05-13,0.498399,3.68,1.83675,2.01,62.1,460.0,1
2021-05-14,2.515759,2.46,1.520038,1.62,65.3,402.0,1
2021-05-15,1.365552,1.9,1.495931,1.27,52.6,189.0,0
2021-05-16,1.777729,1.2,1.573423,0.76,41.5,198.0,1
2021-05-17,3.299634,1.84,1.4885,1.24,70.4,242.0,0
2021-05-18,1.213615,1.26,1.434786,0.88,62.3,185.0,0
2021-05-19,0.549738,1.33,1.46992,0.9,57.3,224.0,0
2021-05-20,5.146994,0.29,1.466846,0.2,34.5,61.0,0
2021-05-21,6.425112,2.61,1.503154,1.74,66.7,393.0,1
2021-05-22,9.423433,2.77,1.5842,1.75,63.5,430.0,1
2021-05-23,5.318761,6.6,2.3726,2.78,83.8,567.0,1
2021-05-24,1.601683,4.66,2.321,2.01,66.4,479.0,1
2021-05-25,0.665061,4.41,2.32732,1.89,63.6,460.0,1
2021-05-26,1.103999,3.44,2.02156,1.7,67.8,316.0,1
2021-05-27,1.249572,2.74,1.826593,1.5,62.0,369.0,1
2021-05-28,0.042714,2.82,1.796462,1.57,63.7,441.0,1
2021-05-29,0.368878,3.18,1.865167,1.71,60.6,377.0,1
2021-05-30,1.964572,1.75,1.78408,0.98,46.1,273.0,1
2021-05-31,0.394919,5.14,1.84856,2.78,80.3,552.0,1
2021-06-01,6.869401,4.18,1.80236,2.32,81.8,513.0,1
2021-06-02,1.109603,1.75,1.77108,0.99,65.7,266.0,1
2021-06-03,16.28946,3.4,1.809583,1.88,68.4,412.0,1
2021-06-04,8.352233,2.41,1.826875,1.32,53.4,265.0,1
2021-06-05,7.621237,6.16,1.838625,3.35,78.4,805.0,2
2021-06-06,9.204341,2.06,1.83992,1.12,56.7,326.0,1
2021-06-07,0.542018,4.14,1.801269,2.3,71.5,443.0,1
2021-06-08,1.108194,4.18,1.79424,2.33,73.3,412.0,1
2021-06-09,1.087453,3.43,1.656154,2.07,81.3,535.0,1
2021-06-10,3.118838,2.22,1.71932,1.29,56.7,319.0,1
2021-06-11,4.088406,3.89,1.61725,2.41,65.2,577.0,1
2021-06-12,2.072649,2.18,1.554458,1.4,57.7,370.0,1
2021-06-13,3.57407,1.4,1.505125,0.93,56.8,199.0,1
2021-06-14,3.342169,3.0,1.520667,1.97,65.9,405.0,1
2021-06-15,1.088097,1.23,1.47975,0.83,49.4,137.0,0
2021-06-16,0.559597,1.31,1.452208,0.9,46.5,308.0,0
2021-06-17,1.324966,1.08,1.441167,0.75,60.7,277.0,0
2021-06-18,2.221955,1.19,1.463708,0.82,43.4,131.0,0
2021-06-19,0.820019,1.89,1.431833,1.32,72.8,288.0,0
2021-06-20,0.509589,1.08,1.416542,0.77,55.9,51.0,0
2021-06-21,0.048764,1.46,1.428708,1.02,54.3,211.0,0
2021-06-22,0.160157,1.09,1.422125,0.77,38.2,143.0,0
2021-06-23,2.72524,1.56,1.413833,1.1,82.0,236.0,0
2021-06-24,7.2245,0.52,1.383,0.38,35.1,51.0,0
2021-06-25,3.295913,1.28,1.415208,0.9,38.0,290.0,1
2021-06-26,0.526851,1.62,1.49128,1.08,45.3,146.0,0
2021-06-27,10.03366,3.96,1.448375,2.73,89.5,630.0,1
2021-06-28,5.479491,3.92,1.425833,2.75,80.4,565.0,1
2021-06-29,0.324821,3.3,1.427875,2.31,77.4,503.0,1
2021-06-30,1.418325,2.25,1.41125,1.59,69.8,235.0,0
2021-07-01,9.246734,2.06,1.44936,1.42,70.0,292.0,0
2021-07-02,8.323157,2.19,1.556375,1.4,67.6,457.0,1
2021-07-03,6.372534,2.43,1.40448,1.73,48.2,374.0,1
2021-07-04,4.078553,2.97,1.3965,2.13,81.2,460.0,1
2021-07-05,13.451301,2.86,1.37336,2.08,73.4,465.0,1
2021-07-06,3.294394,2.91,1.407333,2.07,63.7,420.0,1
2021-07-07,3.592708,1.81,1.480583,1.22,61.1,351.0,1
2021-07-08,14.449969,3.52,1.877375,1.87,73.3,506.0,1
2021-07-09,6.423698,2.75,2.292125,1.2,64.7,342.0,1
2021-07-10,9.127684,9.02,2.236333,4.03,88.5,916.0,2
2021-07-11,7.338628,2.85,1.9695,1.45,63.1,340.0,1
2021-07-12,7.988529,1.68,1.847042,0.91,56.9,214.0,1
2021-07-13,9.618898,4.28,1.742833,2.45,77.8,591.0,1
2021-07-14,10.814782,3.95,1.700958,2.32,84.8,548.0,2
2021-07-15,16.126285,3.55,1.62804,2.18,73.8,699.0,2
2021-07-16,7.515543,5.46,1.695583,3.22,94.1,742.0,2
2021-07-17,7.750515,6.37,1.690458,3.77,85.9,818.0,2
2021-07-18,6.925273,2.07,1.675125,1.23,56.5,391.0,1
2021-07-19,5.594345,1.67,1.640458,1.02,59.2,386.0,1
2021-07-20,4.385625,3.67,1.590962,2.31,71.1,521.0,1
2021-07-21,13.416806,4.24,1.51752,2.79,79.5,529.0,1
2021-07-22,24.372932,4.68,1.600462,2.92,79.9,696.0,2
2021-07-23,14.630577,3.7,1.73032,2.14,65.5,630.0,2
2021-07-24,3.914711,2.38,1.72884,1.38,72.0,564.0,2
2021-07-25,0.420594,2.22,1.624192,1.37,48.9,303.0,1
2021-07-26,4.761077,1.73,1.635292,1.06,49.0,297.0,1
2021-07-27,0.584533,3.4,1.52616,2.23,68.5,473.0,1
2021-07-28,0.464398,0.71,1.4928,0.47,41.0,49.0,0
2021-07-29,2.87288,0.72,1.403077,0.51,46.1,173.0,0
2021-07-30,1.594153,0.79,1.393346,0.57,57.0,181.0,0
2021-07-31,0.724335,1.54,1.319286,1.16,49.0,110.0,0
2021-08-01,0.849837,1.02,1.464625,0.7,29.7,148.0,0
2021-08-02,0.314988,1.4,1.40975,0.99,59.3,252.0,0
2021-08-03,1.047358,0.99,1.45684,0.68,46.1,196.0,0
2021-08-04,0.303963,3.26,1.51472,2.15,83.5,515.0,1
2021-08-05,0.661487,2.29,1.51044,1.52,62.7,281.0,1
2021-08-06,1.188875,1.1,1.463385,0.75,35.1,30.0,0
2021-08-07,1.204249,3.59,1.502833,2.39,86.0,579.0,1
2021-08-08,3.443337,0.78,1.490375,0.53,45.2,98.0,0
2021-08-09,3.712337,1.16,1.48275,0.78,44.3,111.0,0
2021-08-10,8.527955,2.59,1.37484,1.88,67.1,387.0,1
2021-08-11,6.223822,3.02,1.349038,2.24,76.3,590.0,1
2021-08-12,2.785449,3.88,1.529375,2.54,78.4,616.0,1
2021-08-13,9.797706,2.13,1.61352,1.32,65.5,341.0,1
2021-08-14,8.611214,4.45,1.84312,2.42,83.0,558.0,1
2021-08-15,10.049117,3.67,1.897292,1.93,73.1,515.0,2
2021-08-16,17.197549,4.62,1.7935,2.58,73.2,691.0,2
2021-08-17,8.291166,6.02,1.961292,3.07,78.1,723.0,2
2021-08-18,3.10104,3.44,1.917083,1.79,70.1,553.0,2
2021-08-19,4.113589,2.28,1.79448,1.27,64.1,308.0,1
2021-08-20,5.269869,2.89,1.831292,1.58,61.8,416.0,1
2021-08-21,4.161568,4.44,1.79212,2.48,84.5,590.0,1
2021-08-22,8.948079,3.41,1.698125,2.01,57.7,493.0,1
2021-08-23,4.147524,5.0,1.719125,2.91,78.3,542.0,1
2021-08-24,3.288733,4.63,1.979231,2.34,77.4,529.0,1
2021-08-25,3.26967,3.3,1.87264,1.76,65.3,453.0,1
2021-08-26,11.090928,4.27,1.845833,2.31,83.8,559.0,1
2021-08-27,4.970179,1.98,1.850741,1.07,48.3,236.0,1
2021-08-28,12.74191,4.66,1.991292,2.34,80.9,567.0,2
2021-08-29,5.490254,4.62,2.014538,2.29,63.7,591.0,1
2021-08-30,9.10318,5.35,2.248083,2.38,79.2,571.0,1
2021-08-31,7.596235,3.36,2.187231,1.54,61.9,376.0,1
2021-09-01,6.709491,4.04,2.10364,1.92,77.1,477.0,1
2021-09-02,7.717042,3.6,1.91131,1.88,68.3,534.0,1
2021-09-03,12.419612,5.22,2.00196,2.61,79.3,560.0,1
2021-09-04,7.692458,4.56,2.293208,1.99,66.6,522.0,1
2021-09-05,7.311377,3.34,2.501125,1.33,67.7,392.0,1
2021-09-06,25.341131,6.38,2.56756,2.48,90.9,600.0,2
2021-09-07,25.337117,6.77,2.453923,2.76,92.7,689.0,2
2021-09-08,2.522312,7.27,2.182333,3.33,84.1,756.0,2
2021-09-09,0.75868,7.99,2.155542,3.71,98.0,869.0,2
2021-09-10,2.809466,3.36,1.995577,1.69,66.5,456.0,1
2021-09-11,6.499925,1.99,1.888923,1.05,54.2,369.0,1
2021-09-12,2.319107,2.44,1.727172,1.41,62.9,357.0,1
2021-09-13,5.219643,4.54,1.9048,2.38,72.5,512.0,1
2021-09-14,2.873322,4.53,1.95608,2.31,73.6,618.0,1
2021-09-15,2.854092,2.44,2.0704,1.18,44.7,229.0,1
2021-09-16,0.709172,2.08,2.205875,0.94,53.3,199.0,1
2021-09-17,0.264496,4.04,2.125083,1.9,72.2,378.0,1
2021-09-18,2.447811,2.84,1.99724,1.42,61.4,369.0,1
2021-09-19,3.272939,4.54,1.898038,2.39,78.9,594.0,1
2021-09-20,8.279517,3.24,1.94772,1.66,71.4,328.0,1
2021-09-21,6.513766,2.4,1.9356,1.24,57.5,237.0,1
2021-09-22,5.073615,6.68,2.25192,2.97,82.4,599.0,1
2021-09-23,3.213322,2.71,2.19775,1.23,65.8,313.0,1
2021-09-24,4.009768,2.71,2.142583,1.27,62.8,318.0,1
2021-09-25,4.199978,3.04,2.13528,1.42,64.2,273.0,1
2021-09-26,12.843025,2.7,2.46788,1.09,61.3,313.0,1
2021-09-27,48.215932,4.92,2.555708,1.93,75.2,541.0,2
2021-09-28,15.630653,4.03,2.14737,1.88,81.7,576.0,2
2021-09-29,5.812012,5.56,2.24988,2.47,70.8,615.0,2
2021-09-30,4.037222,1.46,2.060741,0.71,57.9,245.0,1
2021-10-01,3.793805,4.18,2.071885,2.02,77.2,384.0,1
2021-10-02,0.971188,4.38,2.160917,2.03,78.7,548.0,1
2021-10-03,1.113324,3.57,2.167708,1.65,63.3,441.0,1
2021-10-04,1.215486,2.66,2.053214,1.29,56.2,360.0,1
2021-10-05,3.168235,0.84,1.492369,0.56,56.2,94.0,0
2021-10-06,10.839983,3.8,1.60703,2.37,83.2,542.0,1
2021-10-07,6.311853,3.87,1.675323,2.31,66.4,549.0,1
2021-10-08,6.244972,1.68,2.003466,0.84,58.9,341.0,1
2021-10-09,8.098682,1.8,1.634597,1.1,53.3,383.0,1
2021-10-10,3.823094,2.4,1.954756,1.23,60.4,334.0,1
2021-10-11,2.5331,2.82,1.749208,1.61,67.6,312.0,1
2021-10-12,1.341116,3.12,1.603442,1.94,68.9,415.0,1
2021-10-13,3.375728,2.99,1.814447,1.65,64.2,447.0,1
2021-10-14,2.567903,1.93,2.076808,0.93,60.7,268.0,1
2021-10-15,3.090723,2.96,2.01996,1.47,67.2,411.0,1
2021-10-16,11.660423,3.12,1.872188,1.67,67.2,400.0,1
2021-10-17,8.021532,2.15,2.039462,1.05,63.7,360.0,1
2021-10-18,2.743402,4.8,1.955379,2.45,73.9,639.0,1
2021-10-19,0.90726,1.24,1.902074,0.65,47.2,329.0,1
2021-10-20,1.655822,5.04,1.966679,2.56,74.8,551.0,1
2021-10-21,3.737743,2.25,2.481059,0.91,56.6,287.0,1
2021-10-22,2.407975,4.63,2.070583,2.24,80.0,519.0,1
2021-10-23,2.581448,4.33,1.908037,2.27,77.0,550.0,1
2021-10-24,6.050813,5.24,2.023577,2.59,82.1,582.0,1
2021-10-25,2.709239,4.5,2.01976,2.23,75.9,560.0,1
2021-10-26,0.036974,4.59,2.07,2.22,84.0,544.0,1
2021-10-27,0.044201,3.69,1.736387,2.12,69.8,541.0,1
2021-10-28,0.01772,3.55,1.792393,1.98,78.4,543.0,1
2021-10-29,1.899242,2.23,2.022704,1.1,63.4,346.0,1
2021-10-30,16.964786,3.08,1.925393,1.6,63.9,448.0,1
2021-10-31,6.061145,4.1,2.302241,1.78,56.9,486.0,1
2021-11-01,7.574232,7.71,2.296148,3.36,79.4,815.0,2
2021-11-02,13.40729,4.14,2.48137,1.67,65.5,473.0,1
2021-11-03,6.917777,3.73,2.215133,1.68,69.3,397.0,1
2021-11-04,7.004825,5.1,2.692222,1.9,73.5,512.0,1
2021-11-05,2.115297,4.12,2.69331,1.53,53.3,398.0,1
2021-11-06,1.802085,2.59,2.310848,1.12,57.5,324.0,1
2021-11-07,9.329993,4.32,2.378258,1.81,49.2,418.0,1
2021-11-08,5.037155,4.03,2.265679,1.78,64.2,399.0,1
2021-11-09,0.743259,2.86,2.215111,1.29,52.1,342.0,1
2021-11-10,0.931993,3.63,2.2825,1.59,63.7,427.0,1
2021-11-11,11.560877,3.65,2.29228,1.59,56.5,436.0,1
2021-11-12,26.739988,5.63,2.29636,2.45,68.8,631.0,2
2021-11-13,22.882745,5.37,2.265133,2.37,78.1,667.0,2
2021-11-14,8.165415,7.4,2.481538,2.98,98.1,744.0,2
2021-11-15,5.785377,6.54,2.453769,2.66,70.7,624.0,2
2021-11-16,9.07723,6.19,2.441538,2.54,80.3,545.0,1
2021-11-17,6.211118,7.54,2.51937,2.99,78.1,627.0,1
2021-11-18,13.386354,8.75,3.043692,2.87,77.5,679.0,2
2021-11-19,37.116205,6.91,2.651231,2.61,68.6,701.0,2
2021-11-20,13.431275,7.77,2.780828,2.79,90.1,727.0,2
2021-11-21,9.495034,11.94,3.28188,3.64,95.2,837.0,2
2021-11-22,3.513313,6.43,3.07028,2.1,61.9,525.0,1
2021-11-23,5.05067,7.27,2.95264,2.46,68.9,547.0,1
2021-11-24,2.041888,5.31,2.63292,2.02,72.5,413.0,1
2021-11-25,1.311705,4.87,2.508083,1.94,61.3,511.0,1
2021-11-26,0.221958,2.95,2.283185,1.29,57.4,285.0,1
2021-11-27,1.86532,4.48,1.887517,2.37,84.6,541.0,1
2021-11-28,7.047143,2.85,2.082192,1.37,63.9,319.0,1
2021-11-29,20.052899,7.16,2.271154,3.15,86.3,899.0,2
2021-11-30,8.986854,8.26,2.354,3.51,94.3,876.0,2
2021-12-01,1.935101,5.29,2.34125,2.26,68.8,554.0,2
2021-12-02,0.001449,5.21,2.368583,2.2,73.4,484.0,1
2021-12-03,3.699038,2.64,2.462917,1.07,55.4,290.0,1
2021-12-04,3.684764,5.02,2.359583,2.13,70.3,566.0,1
2021-12-05,1.464994,2.06,2.26488,0.91,53.9,268.0,1
2021-12-06,0.110778,5.63,2.07884,2.71,86.7,601.0,1
2021-12-07,0.072781,2.56,2.04625,1.25,54.6,281.0,1
2021-12-08,0.011697,6.37,2.274375,2.8,79.2,621.0,1
2021-12-09,1.441036,5.06,2.311333,2.19,70.1,537.0,1
2021-12-10,3.058397,3.85,2.37225,1.62,80.2,473.0,1
2021-12-11,0.419942,5.2,2.36748,2.19,67.2,512.0,1
2021-12-12,1.728859,5.24,2.3465,2.24,73.3,531.0,1
2021-12-13,0.676373,5.51,2.35528,2.34,77.2,613.0,1
2021-12-14,2.360751,3.47,2.298375,1.51,64.1,285.0,1
2021-12-15,0.078169,4.8,2.302292,2.08,71.5,419.0,1
2021-12-16,0.001595,2.31,2.203923,1.05,54.9,366.0,1
2021-12-17,0.005748,3.84,2.24808,1.71,82.0,569.0,1
2021-12-18,0.001061,2.94,2.125,1.38,51.6,357.0,1
2021-12-19,0.000114,4.45,2.220917,2.01,63.0,448.0,1
2021-12-20,2.6e-05,4.29,2.174417,1.97,72.5,502.0,1
2021-12-21,0.001134,3.6,2.107885,1.71,66.4,462.0,1
2021-12-22,0.015483,4.24,2.148375,1.97,71.2,411.0,1
2021-12-23,0.002906,4.68,2.152958,2.17,68.6,495.0,1
2021-12-24,2.1e-05,5.13,2.039,2.51,80.7,526.0,1
2021-12-25,0.006749,4.06,1.9994,2.03,75.4,437.0,1
2021-12-26,0.001243,4.36,1.924958,2.26,65.1,461.0,1
2021-12-27,0.002183,5.23,2.07875,2.52,80.7,541.0,1
2021-12-28,0.000672,2.68,2.177625,1.23,46.8,269.0,1
2021-12-29,0.135048,1.97,2.150083,0.92,73.9,250.0,1
2021-12-30,0.201789,2.8,2.100167,1.33,57.7,292.0,1
2021-12-31,1.779361,3.69,2.104208,1.75,75.2,457.0,1
2022-01-01,1.779361,2.69,2.052917,1.31,58.1,407.0,1
2022-01-02,1.779361,4.36,2.1205,2.06,61.8,502.0,1
2022-01-03,1.779361,4.65,2.134708,2.18,67.1,500.0,1
2022-01-04,1.779361,3.28,2.00704,1.64,67.4,419.0,1
2022-01-05,1.779361,5.1,1.98325,2.57,78.9,586.0,1
2022-01-06,1.779361,4.43,2.010917,2.2,75.7,506.0,1
2022-01-07,1.779361,3.03,2.068708,1.46,55.2,348.0,1
2022-01-08,1.779361,3.01,2.095792,1.44,58.9,335.0,1
2022-01-09,1.779361,3.11,2.099333,1.48,67.3,332.0,1
2022-01-10,1.779361,2.28,2.107375,1.08,61.6,257.0,1
2022-01-11,1.779361,2.2,2.053458,1.07,62.6,294.0,1
2022-01-12,1.779361,5.74,2.057542,2.79,80.3,579.0,1
2022-01-13,1.779361,3.79,2.122292,1.79,57.9,389.0,1
2022-01-14,1.779361,3.68,2.316,1.59,74.8,301.0,1
2022-01-15,1.779361,5.72,2.229625,2.56,76.0,571.0,1
2022-01-16,1.779361,4.01,2.342458,1.71,79.6,485.0,1
2022-01-17,1.779361,6.47,2.463542,2.63,75.8,527.0,1
2022-01-18,1.779361,5.15,2.360583,2.18,71.5,561.0,1
2022-01-19,1.779361,4.14,2.282625,1.81,71.2,369.0,1
2022-01-20,1.779361,3.22,2.228833,1.44,61.4,423.0,1
2022-01-21,1.779361,6.29,2.193958,2.87,88.7,565.0,1
2022-01-22,1.779361,4.05,2.160875,1.87,57.1,561.0,1
2022-01-23,1.779361,5.27,2.128667,2.48,78.1,649.0,1
2022-01-24,1.779361,2.33,2.084792,1.12,63.1,289.0,1
2022-01-25,1.779361,4.98,2.01352,2.47,76.7,613.0,1
2022-01-26,1.779361,4.22,1.937917,2.18,73.6,523.0,1
2022-01-27,1.779361,2.24,1.787625,1.26,48.6,290.0,1
2022-01-28,1.779361,2.77,1.756458,1.58,54.6,419.0,1
2022-01-29,1.779361,103.93,32.178704,3.23,90.3,798.0,2
2022-01-30,1.779361,1.17,1.6818,0.69,64.1,263.0,1
2022-01-31,1.779361,3.01,1.896792,1.59,67.5,416.0,1
2022-02-01,1.779361,5.09,1.927333,2.64,67.2,513.0,1
2022-02-02,1.779361,2.38,1.671917,1.43,73.0,402.0,1
2022-02-03,1.779361,3.21,1.86724,1.72,65.4,393.0,1
2022-02-04,1.779361,3.19,1.819292,1.75,66.0,379.0,1
2022-02-05,1.779361,2.59,1.945208,1.33,60.3,455.0,1
2022-02-06,1.779361,5.59,1.974792,2.83,79.0,564.0,1
2022-02-07,1.779361,3.4,1.64588,2.07,77.0,508.0,1
2022-02-08,1.779361,2.64,1.903667,1.38,56.6,306.0,1
2022-02-09,1.779361,5.38,1.913958,2.81,90.2,664.0,1
2022-02-10,1.779361,5.41,1.855708,2.91,78.0,540.0,1
2022-02-11,1.779361,2.12,1.778,1.19,55.9,450.0,1
2022-02-12,1.779361,4.34,1.850542,2.35,82.0,595.0,1
2022-02-13,1.779361,2.37,1.642833,1.45,59.3,234.0,1
2022-02-14,1.779361,4.42,1.690167,2.62,80.4,521.0,1
2022-02-15,1.779361,3.53,1.723083,2.05,78.3,516.0,1
2022-02-16,1.779361,3.78,1.881292,2.01,85.7,464.0,1
2022-02-17,1.779361,2.34,1.88404,1.24,55.4,268.0,1
2022-02-18,1.779361,4.73,1.747292,2.7,75.1,580.0,1
2022-02-19,1.779361,1.44,1.972833,0.73,40.6,330.0,1
2022-02-20,1.779361,2.18,1.82175,1.2,61.6,335.0,1
2022-02-21,1.779361,2.27,1.763208,1.29,56.4,254.0,1
2022-02-22,1.779361,4.14,1.762792,2.35,70.3,520.0,1
2022-02-23,1.779361,1.77,1.707708,1.04,61.4,342.0,1
2022-02-24,1.779361,4.9,1.86676,2.63,85.9,575.0,1
2022-02-25,1.779361,3.22,1.66675,1.93,71.1,480.0,1
2022-02-26,1.779361,1.57,1.659292,0.94,60.6,237.0,1
2022-02-27,1.779361,1.54,1.62475,0.95,49.2,247.0,1
2022-02-28,1.779361,1.92,1.76375,1.09,56.5,313.0,1
2022-03-01,1.779361,3.69,1.699458,2.17,78.7,429.0,1
2022-03-02,1.779361,4.04,1.735417,2.33,70.6,514.0,1
2022-03-03,1.779361,2.09,1.672625,1.25,52.3,322.0,1
2022-03-04,1.779361,3.88,1.637208,2.37,73.5,596.0,1
2022-03-05,1.779361,0.95,1.185,0.8,33.6,69.0,0
2022-03-06,1.779361,1.03,0.938,1.1,61.9,236.0,0
2022-03-07,1.779361,1.76,1.098833,1.6,71.6,220.0,0
2022-03-08,1.779361,1.36,1.225,1.11,67.6,157.0,0
2022-03-09,1.779361,1.55,1.267333,1.23,63.9,169.0,0
2022-03-10,1.779361,1.06,1.282542,0.83,65.1,184.0,0
2022-03-11,1.779361,0.33,1.306074,0.26,38.0,30.0,0
2022-03-12,1.779361,0.5,1.237963,0.41,39.9,76.0,0
2022-03-13,1.779361,0.24,1.106917,0.22,39.7,41.0,0
2022-03-14,1.779361,1.05,1.068292,0.98,52.1,211.0,0
2022-03-15,1.779361,7.33,3.043207,2.41,70.4,482.0,1
2022-03-16,1.779361,0.84,1.156625,0.73,67.4,242.0,0
2022-03-17,1.779361,1.63,1.07888,1.51,61.8,261.0,0
2022-03-18,1.779361,0.38,1.06044,0.36,30.4,115.0,0
2022-03-19,1.779361,1.0,0.981,1.02,67.2,213.0,0
2022-03-20,1.779361,0.53,1.02476,0.52,42.7,41.0,0
2022-03-21,1.779361,0.68,1.103417,0.61,36.5,158.0,0
2022-03-22,1.779361,1.3,1.1288,1.15,69.5,218.0,0
2022-03-23,1.779361,1.38,1.18616,1.16,75.7,260.0,0
2022-03-24,1.779361,0.74,1.07375,0.69,50.7,198.0,0
2022-03-25,1.779361,0.49,1.015542,0.48,33.4,84.0,0
2022-03-26,1.779361,1.02,1.000167,1.02,57.3,184.0,0
2022-03-27,1.779361,0.21,0.981417,0.21,34.3,74.0,0
2022-03-28,1.779361,1.11,1.044,1.06,71.1,247.0,0
2022-03-29,1.779361,1.33,1.455625,0.91,56.1,161.0,0
2022-03-30,1.779361,3.01,2.145625,1.4,64.8,340.0,1
2022-03-31,1.779361,1.66,1.606708,1.03,66.6,412.0,1
2022-04-01,1.779361,0.77,1.462458,0.53,36.3,74.0,0
2022-04-02,1.779361,1.93,1.351792,1.43,73.4,261.0,0
2022-04-03,1.779361,1.02,1.266875,0.8,59.9,162.0,0
2022-04-04,1.779361,1.39,1.199208,1.16,57.5,217.0,0
2022-04-05,1.779361,0.92,1.151458,0.8,53.1,297.0,0
2022-04-06,1.779361,0.44,0.713042,0.61,52.5,148.0,0
2022-04-07,1.779361,0.05,0.090542,0.54,35.8,104.0,0
2022-04-08,1.779361,0.04,0.033792,1.13,73.8,272.0,0
2022-04-09,1.779361,0.3,0.620792,0.49,37.4,80.0,0
2022-04-10,1.779361,0.72,0.671167,1.07,47.1,205.0,0
2022-04-11,1.779361,0.67,0.666875,1.01,65.3,235.0,0
2022-04-12,1.779361,0.73,0.664583,1.1,46.7,200.0,0
2022-04-13,1.779361,1.01,0.767792,1.31,73.3,217.0,0
2022-04-14,1.779361,0.28,0.869792,0.32,27.2,105.0,0
2022-04-15,1.779361,0.56,1.00236,0.56,55.5,123.0,0
2022-04-16,1.779361,0.72,1.130923,0.64,42.6,84.0,0
2022-04-17,1.779361,0.7,1.11,0.63,41.4,158.0,0
2022-04-18,1.779361,0.59,1.480923,0.4,27.9,119.0,0
2022-04-19,1.779361,0.47,1.195417,0.4,27.8,120.0,0
2022-04-20,1.779361,0.39,0.811958,0.47,39.2,158.0,0
2022-04-21,1.779361,0.58,0.72,0.8,41.0,134.0,0
2022-04-22,1.779361,0.55,0.673,0.81,45.9,157.0,0
2022-04-23,1.779361,0.54,0.666682,0.81,61.8,186.0,0
2022-04-24,1.779361,0.75,0.703917,1.06,56.3,149.0,0
2022-04-25,1.779361,0.45,0.570375,0.8,53.4,88.0,0
2022-04-26,1.779361,0.72,0.643625,1.11,54.4,180.0,0
2022-04-27,1.779361,0.37,0.689,0.53,47.7,31.0,0
2022-04-28,1.779361,0.6,0.646,0.93,43.6,156.0,0
2022-04-29,1.779361,0.26,0.432125,0.61,37.8,144.0,0
2022-04-30,1.779361,0.11,0.434083,0.26,22.8,118.0,0
2022-05-01,1.779361,0.38,0.431708,0.87,41.1,123.0,0
2022-05-02,1.779361,0.38,0.385966,0.97,53.2,184.0,0
2022-05-03,1.779361,0.16,0.513875,0.32,44.9,144.0,0
2022-05-04,1.779361,0.55,0.600638,0.92,48.9,186.0,0
2022-05-05,1.779361,0.4,0.434875,0.93,56.7,141.0,0
2022-05-06,1.779361,1.19,1.023432,1.16,51.4,212.0,0
2022-05-07,1.779361,0.85,0.903125,0.94,64.1,136.0,0
2022-05-08,1.779361,0.53,0.595,0.89,63.2,207.0,0
2022-05-09,1.779361,0.41,0.451135,0.91,39.4,85.0,0
2022-05-10,1.779361,0.76,0.682421,1.11,61.0,180.0,0
2022-05-11,1.779361,4.03,1.848222,2.18,70.5,427.0,1
2022-05-12,1.779361,2.29,1.939775,1.18,67.3,405.0,1
2022-05-13,1.779361,3.39,1.805619,1.88,68.9,516.0,1
2022-05-14,1.779361,3.06,2.014865,1.52,60.9,368.0,1
2022-05-15,1.779361,0.66,1.078486,0.61,40.0,201.0,0
2022-05-16,1.779361,0.9,1.000421,0.9,48.3,196.0,0
2022-05-17,1.779361,4.09,1.552,2.63,89.1,539.0,1
2022-05-18,1.779361,4.16,1.7141,2.42,87.5,614.0,1
2022-05-19,1.779361,3.7,1.852244,2.0,59.0,415.0,1
2022-05-20,1.779361,6.06,3.371814,1.8,61.4,448.0,1
2022-05-21,1.779361,1.4,1.163655,1.2,60.6,203.0,0
2022-05-22,1.779361,0.64,0.926333,0.69,46.9,117.0,0
2022-05-23,1.779361,33.52,13.7693,2.43,74.5,567.0,1
2022-05-24,1.779361,0.92,0.959684,0.96,63.1,198.0,0
2022-05-25,1.779361,0.07,0.146095,0.51,53.4,95.0,0
2022-05-26,1.779361,0.03,0.141854,0.2,37.3,48.0,0
2022-05-27,1.779361,0.24,0.192935,1.26,62.3,228.0,0
2022-05-28,1.779361,0.83,1.497918,0.55,33.2,97.0,0
2022-05-29,1.779361,0.06,0.14034,0.46,40.8,157.0,0
2022-05-30,1.779361,0.05,0.15866,0.35,48.7,111.0,0
2022-05-31,1.779361,0.09,0.153152,0.61,38.3,124.0,0
2022-06-01,1.779361,0.1,0.13475,0.72,44.9,122.0,0
2022-06-02,1.779361,0.12,0.122854,1.0,57.1,214.0,0
2022-06-03,1.779361,0.03,0.156562,0.2,30.4,37.0,0
2022-06-04,1.779361,0.26,0.242312,1.08,65.1,222.0,0
2022-06-05,1.779361,0.22,0.233438,0.96,68.9,173.0,0
2022-06-06,1.779361,0.24,0.299771,0.81,43.5,199.0,0
2022-06-07,1.779361,0.05,0.264417,0.2,41.1,75.0,0
2022-06-08,1.779361,0.22,0.233146,0.93,56.8,204.0,0
2022-06-09,1.779361,0.1,0.231771,0.43,29.5,93.0,0
2022-06-10,1.779361,0.11,0.205604,0.52,50.3,116.0,0
2022-06-11,1.779361,0.24,0.211542,1.15,54.0,240.0,0
2022-06-12,1.779361,0.34,0.255021,1.33,65.7,267.0,0
2022-06-13,1.779361,0.32,0.288812,1.11,48.9,183.0,0
2022-06-14,1.779361,0.08,0.216917,0.38,46.0,120.0,0
2022-06-15,1.779361,0.22,0.212553,1.04,57.2,206.0,0
2022-06-16,1.779361,0.12,0.164575,0.73,58.1,146.0,0
2022-06-17,1.779361,0.09,0.131725,0.69,42.8,111.0,0
2022-06-18,1.779361,0.12,0.130302,0.89,60.7,152.0,0
2022-06-19,1.779361,0.04,0.126217,0.35,28.8,65.0,0
2022-06-20,1.779361,0.05,0.12337,0.39,50.1,93.0,0
2022-06-21,1.779361,0.1,0.120696,0.82,54.6,145.0,0
2022-06-22,1.779361,0.05,0.142974,0.37,27.6,43.0,0
2022-06-23,1.779361,0.07,0.219958,0.32,26.6,45.0,0
2022-06-24,1.779361,0.27,0.217083,1.24,68.6,198.0,0
2022-06-25,1.779361,0.21,0.217231,0.95,70.0,248.0,0
2022-06-26,1.779361,0.21,0.20996,1.0,55.7,144.0,0
2022-06-27,1.779361,0.18,0.20632,0.87,71.6,185.0,0
2022-06-28,1.779361,0.36,0.223333,1.59,75.9,288.0,0
2022-06-29,1.779361,2.14,2.813071,0.76,56.0,227.0,1
2022-06-30,1.779361,0.17,0.255619,0.68,49.6,104.0,0
2022-07-01,1.779361,0.23,0.328,0.71,46.9,174.0,0
2022-07-02,1.779361,0.22,0.364647,0.6,34.2,68.0,0
2022-07-03,1.779361,0.44,0.354625,1.25,61.0,177.0,0
2022-07-04,1.779361,0.28,0.346292,0.8,65.1,161.0,0
2022-07-05,1.779361,0.36,0.323917,1.11,52.9,185.0,0
2022-07-06,1.779361,0.29,0.411619,0.7,26.7,70.0,0
2022-07-07,1.779361,0.1,0.413875,0.25,38.2,111.0,0
2022-07-08,1.779361,0.62,0.50825,1.23,64.2,238.0,0
2022-07-09,1.779361,0.44,0.633364,0.7,43.4,62.0,0
2022-07-10,1.779361,0.37,0.788348,0.47,40.2,145.0,0
2022-07-11,1.779361,0.37,0.7251,0.52,40.3,153.0,0
2022-07-12,1.779361,0.42,0.5318,0.78,47.4,95.0,0
2022-07-13,1.779361,0.47,0.379688,1.24,58.9,208.0,0
2022-07-14,1.779361,0.43,0.675895,0.64,59.5,168.0,0
2022-07-15,1.779361,0.26,0.769,0.34,27.9,99.0,0
2022-07-16,1.779361,0.21,0.73656,0.29,40.8,51.0,0
2022-07-17,1.779361,1.12,0.908667,1.23,57.1,318.0,0
2022-07-18,1.779361,0.34,0.57075,0.6,65.0,247.0,0
2022-07-19,1.779361,0.35,0.517958,0.67,62.9,181.0,0
2022-07-20,1.779361,0.48,0.453333,1.07,64.7,145.0,0
2022-07-21,1.779361,0.29,0.433167,0.68,65.7,209.0,0
2022-07-22,1.779361,0.21,0.56976,0.36,39.3,43.0,0
2022-07-23,1.779361,0.65,0.770542,0.84,50.7,183.0,0
2022-07-24,1.779361,0.78,0.74956,1.03,57.9,198.0,0
2022-07-25,1.779361,0.51,0.78404,0.65,45.8,115.0,0
2022-07-26,1.779361,0.59,0.603931,0.97,58.2,225.0,0
2022-07-27,1.779361,0.53,0.504667,1.04,51.7,154.0,0
2022-07-28,1.779361,0.74,0.588979,1.26,68.3,210.0,0
2022-07-29,1.779361,0.57,0.518255,1.11,69.4,290.0,0
2022-07-30,1.779361,0.27,0.458745,0.59,55.0,168.0,0
2022-07-31,1.779361,0.52,0.444271,1.18,78.1,268.0,0
2022-08-01,1.779361,0.33,0.472396,0.7,57.9,200.0,0
2022-08-02,1.779361,0.62,0.593891,1.04,57.3,280.0,0
2022-08-03,1.779361,0.86,1.474894,0.59,46.4,143.0,0
2022-08-04,1.779361,3.01,1.672109,1.8,66.6,456.0,1
2022-08-05,1.779361,2.96,1.58893,1.86,63.6,428.0,1
2022-08-06,1.779361,1.44,1.563792,0.92,45.6,358.0,1
2022-08-07,1.779361,2.11,1.527136,1.38,66.3,334.0,1
2022-08-08,1.779361,2.18,1.45617,1.5,67.9,244.0,0
2022-08-09,1.779361,1.46,1.470702,0.99,64.3,208.0,0
2022-08-10,1.779361,2.13,1.533208,1.39,49.3,307.0,1
2022-08-11,1.779361,2.08,1.528562,1.36,67.3,382.0,1
2022-08-12,1.779361,1.92,1.574875,1.22,59.9,341.0,1
2022-08-13,1.779361,1.27,1.532,0.83,51.1,333.0,1
2022-08-14,1.779361,1.63,1.492979,1.09,75.2,277.0,0
2022-08-15,1.779361,2.26,1.514971,1.49,61.0,454.0,1
2022-08-16,1.779361,2.47,1.523,1.62,51.0,354.0,1
2022-08-17,1.779361,3.34,1.627292,2.05,68.7,487.0,1
2022-08-18,1.779361,1.69,1.61775,1.04,47.3,267.0,1
2022-08-19,1.779361,2.19,1.600417,1.37,52.8,410.0,1
2022-08-20,1.779361,3.74,1.63175,2.29,83.2,451.0,1
2022-08-21,1.779361,3.62,1.648375,2.19,74.0,505.0,1
2022-08-22,1.779361,4.35,1.593417,2.73,86.2,591.0,1
2022-08-23,1.779361,2.64,1.573917,1.68,67.0,485.0,1
2022-08-24,1.779361,2.9,1.557917,1.86,67.4,369.0,1
2022-08-25,1.779361,4.19,1.587875,2.64,78.7,522.0,1
2022-08-26,1.779361,4.04,1.566375,2.58,78.7,648.0,1
2022-08-27,1.779361,3.42,1.531208,2.23,67.5,473.0,1
2022-08-28,1.779361,4.12,1.569792,2.62,77.6,641.0,1
2022-08-29,1.779361,3.72,1.558,2.39,86.3,511.0,1
2022-08-30,1.779361,1.4,1.282204,1.09,81.4,218.0,0
2022-08-31,1.779361,0.95,1.423271,0.67,24.1,114.0,0
2022-09-01,1.779361,1.17,1.493396,0.78,75.3,269.0,0
2022-09-02,1.779361,1.05,1.181396,0.89,48.9,81.0,0
2022-09-03,1.779361,1.06,1.06425,0.99,62.0,170.0,0
2022-09-04,1.779361,0.85,1.035792,0.82,61.3,171.0,0
2022-09-05,1.779361,0.95,1.01275,0.94,68.0,298.0,0
2022-09-06,1.779361,1.44,1.239604,1.16,78.5,281.0,0
2022-09-07,1.779361,2.73,1.847771,1.48,59.1,333.0,1
2022-09-08,1.779361,4.71,1.954271,2.41,68.7,507.0,1
2022-09-09,1.779361,4.64,2.052604,2.26,86.6,478.0,1
2022-09-10,1.779361,3.76,2.297312,1.64,69.8,407.0,1
2022-09-11,1.779361,2.29,2.277271,1.01,62.9,297.0,1
2022-09-12,1.779361,1.17,1.575042,0.74,52.2,263.0,1
2022-09-13,1.779361,1.43,1.275604,1.12,70.7,167.0,0
2022-09-14,1.779361,1.22,1.119625,1.09,41.2,154.0,0
2022-09-15,1.779361,1.4,1.129458,1.24,67.5,208.0,0
2022-09-16,1.779361,0.72,1.044205,0.69,58.1,207.0,0
2022-09-17,1.779361,1.36,0.883644,1.54,71.4,275.0,0
2022-09-18,1.779361,0.67,0.800921,0.84,52.4,165.0,0
2022-09-19,1.779361,0.77,0.734042,1.05,65.4,301.0,0
2022-09-20,1.779361,0.26,0.66625,0.39,28.1,69.0,0
2022-09-21,1.779361,0.51,0.658958,0.78,55.7,185.0,0
2022-09-22,1.779361,0.54,0.655125,0.82,62.7,227.0,0
2022-09-23,1.779361,0.62,0.676542,0.91,62.2,259.0,0
2022-09-24,1.779361,0.81,0.661583,1.22,67.5,254.0,0
2022-09-25,1.779361,0.13,0.663667,0.2,20.0,137.0,0
2022-09-26,1.779361,0.53,0.68048,0.78,39.4,105.0,0
2022-09-27,1.779361,0.19,0.797542,0.23,32.5,83.0,0
2022-09-28,1.779361,0.32,0.968333,0.33,35.4,32.0,0
2022-09-29,1.779361,0.84,1.10975,0.76,60.0,216.0,0
2022-09-30,1.779361,1.73,1.379708,1.26,75.7,236.0,0
2022-10-01,1.779361,3.43,1.76475,1.94,74.7,470.0,1
2022-10-02,1.779361,4.37,1.888792,2.32,85.7,526.0,1
2022-10-03,1.779361,3.26,1.598125,2.04,73.2,462.0,1
2022-10-04,1.779361,1.28,1.360208,0.94,63.3,197.0,0
2022-10-05,1.779361,0.54,1.218875,0.44,27.4,51.0,0
2022-10-06,1.779361,0.81,1.25425,0.64,38.8,96.0,0
2022-10-07,1.779361,1.4,1.395,1.01,54.5,214.0,0
2022-10-08,1.779361,5.59,2.274458,2.46,76.9,520.0,1
2022-10-09,1.779361,2.01,1.92075,1.05,47.0,279.0,1
2022-10-10,1.779361,3.54,1.8835,1.88,70.2,437.0,1
2022-10-11,1.779361,4.31,1.8858,2.29,76.5,527.0,1
2022-10-12,1.779361,1.82,1.512583,1.2,52.3,279.0,1
2022-10-13,1.779361,1.01,1.340208,0.75,50.7,148.0,0
2022-10-14,1.779361,1.66,1.253833,1.32,63.2,361.0,0
2022-10-15,1.779361,1.21,1.233167,0.98,56.0,180.0,0
2022-10-16,1.779361,1.03,1.259208,0.82,37.1,75.0,0
2022-10-17,1.779361,3.37,1.566958,2.15,74.7,520.0,1
2022-10-18,1.779361,1.1,1.447333,0.76,34.4,239.0,0
2022-10-19,1.779361,1.14,1.334125,0.85,63.6,274.0,0
2022-10-20,1.779361,1.11,1.338042,0.83,38.2,104.0,0
2022-10-21,1.779361,1.18,1.37128,0.86,51.0,210.0,0
2022-10-22,1.779361,0.9,1.475023,0.61,45.3,129.0,0
2022-10-23,1.779361,0.85,1.318604,0.65,33.9,39.0,0
2022-10-24,1.779361,1.51,1.141783,1.32,64.6,257.0,0
2022-10-25,1.779361,0.48,0.999578,0.48,41.4,138.0,0
2022-10-26,1.779361,0.41,0.8856,0.47,39.1,106.0,0
2022-10-27,1.779361,0.59,1.05272,0.56,48.9,71.0,0
2022-10-28,1.779361,0.98,0.8742,1.12,62.7,251.0,0
2022-10-29,1.779361,0.88,0.927375,0.94,58.3,246.0,0
2022-10-30,1.779361,0.93,0.970958,0.96,71.5,285.0,0
2022-10-31,1.779361,0.41,0.953958,0.43,31.3,169.0,0
2022-11-01,1.779361,0.51,1.047792,0.49,58.1,127.0,0
2022-11-02,1.779361,1.01,1.332,0.76,36.0,60.0,0
2022-11-03,1.779361,1.6,1.388708,1.15,51.3,161.0,0
2022-11-04,1.779361,1.39,1.351375,1.03,76.2,263.0,0
2022-11-05,1.779361,1.09,1.33925,0.81,49.5,238.0,0
2022-11-06,1.779361,1.07,1.276542,0.84,54.7,151.0,0
2022-11-07,1.779361,0.86,1.150042,0.75,45.2,176.0,0
2022-11-08,1.779361,1.1,1.033625,1.07,52.7,258.0,0
2022-11-09,1.779361,0.83,0.952042,0.87,50.3,170.0,0
2022-11-10,1.779361,0.3,0.896667,0.34,33.8,70.0,0
2022-11-11,1.779361,0.47,0.88264,0.53,52.2,128.0,0
2022-11-12,1.779361,0.62,0.951042,0.65,33.9,53.0,0
2022-11-13,1.779361,0.73,1.003625,0.72,44.2,92.0,0
2022-11-14,1.779361,0.26,1.014375,0.26,29.5,44.0,0
2022-11-15,1.779361,0.83,1.039208,0.79,54.2,159.0,0
2022-11-16,1.779361,0.83,1.085792,0.76,49.9,275.0,0
2022-11-17,1.779361,0.53,1.053667,0.5,43.4,183.0,0
2022-11-18,1.779361,0.86,1.045708,0.82,49.3,137.0,0
2022-11-19,1.779361,1.27,1.036833,1.23,68.4,206.0,0
2022-11-20,1.779361,1.16,1.0505,1.11,61.1,289.0,0
2022-11-21,1.779361,0.47,1.124333,0.42,53.2,165.0,0
2022-11-22,1.779361,0.93,1.250958,0.74,58.4,80.0,0
2022-11-23,1.779361,1.38,1.298917,1.06,71.2,193.0,0
2022-11-24,1.779361,0.71,1.282333,0.55,37.8,30.0,0
2022-11-25,1.779361,0.77,1.230958,0.63,36.8,105.0,0
2022-11-26,1.779361,1.2,1.216333,0.99,70.5,279.0,0
2022-11-27,1.779361,1.33,1.17884,1.13,45.1,98.0,0
2022-11-28,1.779361,1.29,1.15112,1.12,54.6,280.0,0
2022-11-29,1.779361,1.09,1.09496,0.99,56.7,181.0,0
2022-11-30,1.779361,1.01,1.172958,0.87,51.3,145.0,0
2022-12-01,1.779361,0.8,1.185542,0.67,34.9,71.0,0
2022-12-02,1.779361,0.37,1.21025,0.31,42.1,115.0,0
2022-12-03,1.779361,1.09,1.239208,0.88,40.6,134.0,0
2022-12-04,1.779361,0.4,1.247333,0.32,43.9,86.0,0
2022-12-05,1.779361,1.38,1.251375,1.1,60.8,232.0,0
2022-12-06,1.779361,0.45,1.239,0.36,37.5,56.0,0
2022-12-07,1.779361,0.81,1.207458,0.67,39.5,199.0,0
2022-12-08,1.779361,1.02,1.200375,0.85,53.7,296.0,0
2022-12-09,1.779361,1.44,1.2615,1.14,59.1,248.0,0
2022-12-10,1.779361,0.62,1.341458,0.46,52.4,137.0,0
2022-12-11,1.779361,3.9,1.773875,2.2,56.6,358.0,1
2022-12-12,1.779361,6.03,2.410125,2.5,75.6,538.0,1
2022-12-13,1.779361,5.76,2.260458,2.55,80.4,470.0,1
2022-12-14,1.779361,3.87,1.972792,1.96,68.5,527.0,1
2022-12-15,1.779361,4.04,1.676542,2.41,77.2,576.0,1
2022-12-16,1.779361,3.6,1.514958,2.38,78.0,515.0,1
2022-12-17,1.779361,0.82,1.362458,0.61,31.2,91.0,0
2022-12-18,1.779361,1.29,1.288,1.0,58.9,117.0,0
2022-12-19,1.779361,0.33,1.222458,0.27,25.7,30.0,0
2022-12-20,1.779361,1.37,1.34488,1.02,62.0,238.0,0
2022-12-21,1.779361,1.43,1.107,1.29,72.5,308.0,0
2022-12-22,1.779361,0.88,1.066458,0.82,54.4,222.0,0
2022-12-23,1.779361,0.71,1.051083,0.68,48.9,112.0,0
2022-12-24,1.779361,0.59,1.063542,0.56,35.7,56.0,0
2022-12-25,1.779361,0.98,1.081583,0.91,78.2,259.0,0
2022-12-26,1.779361,0.3,1.102667,0.27,34.1,168.0,0
2022-12-27,1.779361,0.29,1.092708,0.27,31.3,60.0,0
2022-12-28,1.779361,0.43,1.050542,0.41,28.3,143.0,0
2022-12-29,1.779361,0.22,1.013542,0.22,29.0,117.0,0
2022-12-30,1.779361,0.85,1.00275,0.85,57.2,132.0,0
2022-12-31,1.779361,0.68,1.018875,0.67,50.2,124.0,0
2023-01-01,1.779361,0.5,1.003708,0.5,36.9,77.0,0
2023-01-02,1.779361,0.39,0.9945,0.39,22.8,71.0,0
2023-01-03,1.779361,0.29,0.990417,0.29,44.9,86.0,0
2023-01-04,1.779361,0.62,0.965583,0.64,48.0,164.0,0
2023-01-05,1.779361,0.41,0.977875,0.42,37.2,53.0,0
2023-01-06,1.779361,0.78,1.042167,0.75,57.2,171.0,0
2023-01-07,1.779361,0.33,1.08275,0.3,35.0,113.0,0
2023-01-08,1.779361,0.47,1.067583,0.44,49.9,128.0,0
2023-01-09,1.779361,0.66,1.027333,0.64,40.3,109.0,0
2023-01-10,1.779361,0.59,0.993833,0.59,51.1,182.0,0
2023-01-11,1.779361,0.2,0.98375,0.2,28.6,30.0,0
2023-01-12,1.779361,0.56,0.97025,0.57,36.2,86.0,0
2023-01-13,1.779361,1.35,0.949458,1.42,79.7,228.0,0
2023-01-14,1.779361,0.37,0.969042,0.39,28.1,30.0,0
2023-01-15,1.779361,0.87,0.996583,0.87,58.3,172.0,0
2023-01-16,1.779361,1.07,0.974792,1.1,54.7,165.0,0
2023-01-17,1.779361,0.84,0.929458,0.9,43.3,162.0,0
2023-01-18,1.779361,0.66,0.894917,0.73,46.2,153.0,0
2023-01-19,1.779361,0.72,0.860667,0.84,65.0,160.0,0
2023-01-20,1.779361,0.85,0.880458,0.97,60.0,209.0,0
2023-01-21,1.779361,0.47,0.895917,0.53,44.7,115.0,0
2023-01-22,1.779361,0.5,0.93075,0.54,36.2,144.0,0
2023-01-23,1.779361,0.4,0.970833,0.41,43.8,110.0,0
2023-01-24,1.779361,0.77,0.992917,0.78,63.3,128.0,0
2023-01-25,1.779361,0.98,0.976667,1.0,57.7,194.0,0
2023-01-26,1.779361,0.26,0.976583,0.27,39.4,62.0,0
2023-01-27,1.779361,0.59,0.985833,0.6,43.0,100.0,0
2023-01-28,1.779361,1.23,0.988,1.24,68.0,290.0,0
2023-01-29,1.779361,0.4,0.962875,0.42,31.4,39.0,0
2023-01-30,1.779361,0.8,0.965875,0.83,52.8,186.0,0
2023-01-31,1.779361,1.12,1.000958,1.12,64.2,203.0,0
2023-02-01,1.779361,0.64,0.989958,0.64,37.8,57.0,0
2023-02-02,1.779361,0.37,0.983667,0.38,28.2,77.0,0
2023-02-03,1.779361,0.42,0.979125,0.42,30.9,77.0,0
2023-02-04,1.779361,1.09,0.923958,1.18,55.3,246.0,0
2023-02-05,1.779361,0.5,0.889667,0.56,29.4,30.0,0
2023-02-06,1.779361,0.17,0.866583,0.2,33.0,72.0,0
2023-02-07,1.779361,0.21,0.876417,0.24,28.9,101.0,0
2023-02-08,1.779361,0.38,0.884458,0.42,39.8,60.0,0
2023-02-09,1.779361,0.79,0.865417,0.92,62.2,154.0,0
2023-02-10,1.779361,0.4,0.858875,0.46,29.9,133.0,0
2023-02-11,1.779361,0.76,0.867417,0.88,67.6,145.0,0
2023-02-12,1.779361,0.87,0.876208,0.99,47.7,109.0,0
2023-02-13,1.779361,1.15,0.886,1.3,69.0,254.0,0
2023-02-14,1.779361,0.34,0.835708,0.41,28.9,58.0,0
2023-02-15,1.779361,1.13,0.756958,1.49,61.2,224.0,0
2023-02-16,1.779361,0.33,0.6885,0.48,60.7,237.0,0
2023-02-17,1.779361,0.32,0.693208,0.47,45.6,108.0,0
2023-02-18,1.779361,0.81,0.844708,0.96,65.8,242.0,0
2023-02-19,1.779361,0.78,0.745333,1.05,61.1,283.0,0
2023-02-20,1.779361,0.31,0.7305,0.43,46.5,77.0,0
2023-02-21,1.779361,1.01,0.745792,1.35,64.7,212.0,0
2023-02-22,1.779361,0.65,0.73056,0.89,51.2,146.0,0
2023-02-23,1.779361,0.65,0.771542,0.85,61.4,174.0,0
2023-02-24,1.779361,1.17,0.795083,1.47,65.5,236.0,0
2023-02-25,1.779361,0.49,0.762083,0.65,47.3,87.0,0
2023-02-26,1.779361,1.0,0.735792,1.36,60.5,237.0,0
2023-02-27,1.779361,0.47,0.691167,0.67,37.3,114.0,0
2023-02-28,1.779361,0.8,0.697583,1.15,82.0,211.0,0
2023-03-01,1.779361,0.4,0.702167,0.57,63.8,186.0,0
2023-03-02,1.779361,0.36,0.728125,0.5,51.1,30.0,0
2023-03-03,1.779361,0.82,0.836083,0.98,45.0,156.0,0
2023-03-04,1.779361,0.37,0.743583,0.49,38.3,97.0,0
2023-03-05,1.779361,0.45,0.724625,0.62,35.4,109.0,0
2023-03-06,1.779361,0.14,0.705292,0.2,34.0,30.0,0
2023-03-07,1.779361,0.29,0.710333,0.4,47.8,117.0,0
2023-03-08,1.779361,0.15,0.746917,0.2,32.6,30.0,0
2023-03-09,1.779361,0.42,0.752542,0.56,36.4,129.0,0
2023-03-10,1.779361,0.64,0.618,1.04,64.1,180.0,0
2023-03-11,1.779361,0.44,0.485208,0.92,53.3,222.0,0
2023-03-12,1.779361,0.31,0.4695,0.66,63.0,181.0,0
2023-03-13,1.779361,0.3,0.472542,0.63,50.5,63.0,0
2023-03-14,1.779361,0.63,0.534417,1.18,81.5,261.0,0
2023-03-15,1.779361,0.51,0.61264,0.83,57.3,152.0,0
2023-03-16,1.779361,0.38,0.63044,0.61,48.0,111.0,0
2023-03-17,1.779361,60.06,32.721958,1.84,78.6,636.0,2
2023-03-18,1.779361,0.99,0.947083,1.04,54.1,137.0,0
2023-03-19,1.779361,0.66,1.244792,0.53,25.0,56.0,0
2023-03-20,1.779361,1.06,1.17,0.9,39.4,246.0,0
2023-03-21,1.779361,1.24,0.995667,1.25,80.0,269.0,0
2023-03-22,1.779361,0.41,0.810917,0.51,35.5,37.0,0
2023-03-23,1.779361,0.32,0.862667,0.37,30.9,76.0,0
2023-03-24,1.779361,148.09,38.3348,3.86,93.0,960.0,2
2023-03-25,1.779361,0.84,0.863167,0.97,61.8,247.0,0
2023-03-26,1.779361,0.4,0.56125,0.72,33.0,100.0,0
2023-03-27,1.779361,56.3,24.470875,2.3,95.0,538.0,1
2023-03-28,1.779361,0.71,0.567917,1.25,69.5,322.0,0
2023-03-29,1.779361,0.53,0.534,1.0,48.5,214.0,0
2023-03-30,1.779361,0.34,0.458708,0.75,60.3,243.0,0
2023-03-31,1.779361,0.33,0.478083,0.68,48.8,118.0,0
2023-04-01,1.779361,0.15,0.458917,0.34,33.5,87.0,0
2023-04-02,1.779361,0.4,0.53825,0.74,55.2,139.0,0
2023-04-03,1.779361,0.39,0.616625,0.63,37.9,114.0,0
2023-04-04,1.779361,1.41,1.333346,1.05,59.2,171.0,0
2023-04-05,1.779361,0.49,0.452917,1.09,73.9,217.0,0
2023-04-06,1.779361,0.09,0.432833,0.2,33.7,30.0,0
2023-04-07,1.779361,0.25,0.427042,0.58,60.9,226.0,0
2023-04-08,1.779361,0.24,0.522792,0.46,48.8,113.0,0
2023-04-09,1.779361,0.42,0.386542,1.09,73.4,277.0,0
2023-04-10,1.779361,0.17,0.353958,0.47,36.6,74.0,0
2023-04-11,1.779361,0.39,0.346917,1.12,57.7,177.0,0
2023-04-12,1.779361,0.25,0.373333,0.66,45.6,188.0,0
2023-04-13,1.779361,0.25,0.329875,0.77,57.7,122.0,0
2023-04-14,1.779361,0.28,0.294833,0.93,63.1,184.0,0
2023-04-15,1.779361,0.36,0.28425,1.28,54.7,108.0,0
2023-04-16,1.779361,0.24,0.308125,0.78,58.6,158.0,0
2023-04-17,1.779361,0.31,0.33684,0.93,72.0,190.0,0
2023-04-18,1.779361,0.33,0.246583,1.36,70.5,249.0,0
2023-04-19,1.779361,0.13,0.223083,0.56,38.2,193.0,0
2023-04-20,1.779361,0.2,0.22056,0.9,52.1,153.0,0
2023-04-21,1.779361,0.14,0.226208,0.61,26.6,45.0,0
2023-04-22,1.779361,0.38,0.290458,1.29,60.8,196.0,0
2023-04-23,1.779361,0.27,0.331417,0.82,48.3,164.0,0
2023-04-24,1.779361,33.58,16.698875,2.01,65.8,412.0,1
2023-04-25,1.779361,0.2,0.438083,0.45,19.7,72.0,0
2023-04-26,1.779361,0.65,0.524333,1.23,67.6,245.0,0
2023-04-27,1.779361,0.37,0.4575,0.81,46.3,115.0,0
2023-04-28,1.779361,1.13,0.74325,1.53,53.0,172.0,0
2023-04-29,1.779361,0.07,0.360792,0.2,36.9,88.0,0
2023-04-30,1.779361,0.4,0.341542,1.18,64.8,303.0,0
2023-05-01,1.779361,0.23,0.397958,0.58,40.3,30.0,0
2023-05-02,1.779361,0.13,0.47075,0.29,49.4,155.0,0
2023-05-03,1.779361,0.58,0.457958,1.26,72.2,205.0,0
2023-05-04,1.779361,0.5,0.443042,1.13,69.2,252.0,0
2023-05-05,1.779361,0.08,0.423833,0.2,37.4,142.0,0
2023-05-06,1.779361,17.77,10.712375,1.66,65.6,397.0,1
2023-05-07,1.779361,0.38,0.435208,0.87,63.0,121.0,0
2023-05-08,1.779361,5.36,2.080208,2.57,80.8,551.0,1
2023-05-09,1.779361,0.27,0.389667,0.7,39.0,75.0,0
2023-05-10,1.779361,0.24,0.356875,0.68,45.6,198.0,0
2023-05-11,1.779361,0.33,0.338542,0.96,59.0,291.0,0
2023-05-12,1.779361,0.37,0.338917,1.09,62.8,196.0,0
2023-05-13,1.779361,0.23,0.338125,0.69,59.3,261.0,0
2023-05-14,1.779361,0.28,0.328958,0.84,56.6,170.0,0
2023-05-15,1.779361,0.06,0.309417,0.2,38.8,49.0,0
2023-05-16,1.779361,0.5,0.32824,1.52,61.1,284.0,0
2023-05-17,1.779361,0.24,0.263208,0.89,53.1,235.0,0
2023-05-18,1.779361,0.21,0.24725,0.86,60.7,303.0,0
2023-05-19,1.779361,0.15,0.303417,0.49,36.1,44.0,0
2023-05-20,1.779361,0.11,0.244792,0.44,42.9,84.0,0
2023-05-21,1.779361,0.2,0.265125,0.75,64.9,277.0,0
2023-05-22,1.779361,0.14,0.255708,0.55,32.1,30.0,0
2023-05-23,1.779361,0.28,0.262833,1.07,65.6,275.0,0
2023-05-24,1.779361,0.19,0.3255,0.59,46.2,92.0,0
2023-05-25,1.779361,0.65,0.641417,1.01,52.6,190.0,0
2023-05-26,1.779361,0.62,0.421792,1.47,63.2,242.0,0
2023-05-27,1.779361,0.18,0.299,0.6,54.2,147.0,0
2023-05-28,1.779361,0.16,0.519083,0.31,43.1,177.0,0
2023-05-29,1.779361,0.28,0.264667,1.04,54.8,154.0,0
2023-05-30,1.779361,0.23,0.319958,0.72,53.4,227.0,0
2023-05-31,1.779361,0.2,0.259375,0.78,49.1,194.0,0
2023-06-01,1.779361,0.27,0.2625,1.04,62.2,126.0,0
2023-06-02,1.779361,0.27,0.252083,1.05,65.1,285.0,0
2023-06-03,1.779361,0.13,0.247,0.52,50.7,145.0,0
2023-06-04,1.779361,0.11,0.233625,0.49,29.3,30.0,0
2023-06-05,1.779361,0.16,0.20875,0.75,49.0,209.0,0
2023-06-06,1.779361,0.1,0.164583,0.62,51.6,169.0,0
2023-06-07,1.779361,0.05,0.204042,0.26,27.1,92.0,0
2023-06-08,1.779361,84.44,41.158417,2.05,62.6,551.0,2
2023-06-09,1.779361,0.13,0.167292,0.79,59.4,218.0,0
2023-06-10,1.779361,0.15,0.167542,0.89,44.4,125.0,0
2023-06-11,1.779361,0.64,0.52664,1.21,65.5,206.0,0
2023-06-12,1.779361,0.12,0.184542,0.65,42.7,202.0,0
2023-06-13,1.779361,65.74,35.166625,1.87,70.4,545.0,2
2023-06-14,1.779361,0.17,0.1515,1.12,62.9,214.0,0
2023-06-15,1.779361,0.15,0.13825,1.07,73.5,283.0,0
2023-06-16,1.779361,0.08,0.134583,0.58,44.9,99.0,0
2023-06-17,1.779361,0.04,0.11675,0.36,53.0,106.0,0
2023-06-18,1.779361,0.04,0.0525,0.81,33.3,126.0,0
2023-06-19,1.779361,0.04,0.046208,0.91,47.9,175.0,0
2023-06-20,1.779361,0.07,0.081125,0.9,46.6,169.0,0
2023-06-21,1.779361,0.07,0.131083,0.55,42.2,124.0,0
2023-06-22,1.779361,0.11,0.310125,0.36,33.3,34.0,0
2023-06-23,1.779361,0.19,0.314792,0.59,60.4,173.0,0
2023-06-24,1.779361,0.6,0.377625,1.58,68.4,225.0,0
2023-06-25,1.779361,0.29,0.379042,0.78,53.0,206.0,0
2023-06-26,1.779361,0.25,0.348083,0.71,42.6,73.0,0
2023-06-27,1.779361,0.1,0.316292,0.32,36.1,30.0,0
2023-06-28,1.779361,0.09,0.288625,0.32,47.1,137.0,0
2023-06-29,1.779361,0.24,0.267625,0.88,38.2,145.0,0
2023-06-30,1.779361,0.22,0.240667,0.9,56.1,242.0,0
2023-07-01,1.779361,0.25,0.221583,1.15,65.2,294.0,0
2023-07-02,1.779361,0.26,0.209417,1.22,63.4,287.0,0
2023-07-03,1.779361,0.25,0.199667,1.26,76.2,255.0,0
2023-07-04,1.779361,0.23,0.212417,1.09,60.8,279.0,0
2023-07-05,1.779361,0.28,0.220583,1.27,69.2,301.0,0
2023-07-06,1.779361,0.07,0.223167,0.33,25.9,73.0,0
2023-07-07,1.779361,0.14,0.198625,0.7,31.6,117.0,0
2023-07-08,1.779361,0.19,0.208292,0.93,44.5,57.0,0
2023-07-09,1.779361,0.18,0.191458,0.92,53.2,135.0,0
2023-07-10,1.779361,0.04,0.206542,0.2,35.9,99.0,0
2023-07-11,1.779361,0.23,0.192542,1.19,71.9,162.0,0
2023-07-12,1.779361,0.21,0.209125,1.02,50.1,187.0,0
2023-07-13,1.779361,0.22,0.210875,1.07,36.6,175.0,0
2023-07-14,1.779361,0.25,0.38875,0.64,32.0,59.0,0
2023-07-15,1.779361,0.27,0.43236,0.62,36.5,177.0,0
2023-07-16,1.779361,0.65,1.246375,0.53,46.5,104.0,0
2023-07-17,1.779361,1.15,1.241375,0.93,70.5,263.0,0
2023-07-18,1.779361,1.12,1.194542,0.94,50.1,169.0,0
2023-07-19,1.779361,1.32,1.245625,1.06,63.9,89.0,0
2023-07-20,1.779361,0.89,1.251958,0.71,43.5,133.0,0
2023-07-21,1.779361,1.21,1.250333,0.97,45.0,144.0,0
2023-07-22,1.779361,1.12,1.250208,0.89,49.6,154.0,0
2023-07-23,1.779361,0.78,1.249042,0.62,56.5,198.0,0
2023-07-24,1.779361,1.26,1.252375,1.01,67.0,252.0,0
2023-07-25,1.779361,0.93,1.252875,0.74,39.6,84.0,0
2023-07-26,1.779361,1.68,1.258792,1.33,72.4,317.0,0
2023-07-27,1.779361,0.43,1.260875,0.34,24.8,110.0,0
2023-07-28,1.779361,1.64,1.321375,1.24,76.9,235.0,0
2023-07-29,1.779361,0.7,1.265542,0.56,38.8,58.0,0
2023-07-30,1.779361,0.97,1.247333,0.78,43.1,184.0,0
2023-07-31,1.779361,1.44,1.247583,1.15,70.0,234.0,0
2023-08-01,1.779361,0.57,1.247458,0.46,40.9,97.0,0
2023-08-02,1.779361,1.18,1.24872,0.95,41.0,95.0,0
2023-08-03,1.779361,0.96,1.251667,0.77,46.3,229.0,0
2023-08-04,1.779361,0.51,1.207083,0.43,37.8,82.0,0
2023-08-05,1.779361,0.65,1.288917,0.5,69.8,166.0,0
2023-08-06,1.779361,1.71,1.357667,1.26,82.0,193.0,0
2023-08-07,1.779361,1.6,1.345292,1.19,66.5,276.0,0
2023-08-08,1.779361,0.98,1.382375,0.71,55.3,103.0,0
2023-08-09,1.779361,0.96,1.363833,0.71,57.0,125.0,0
2023-08-10,1.779361,0.28,1.057375,0.27,29.9,69.0,0
2023-08-11,1.779361,0.56,0.929958,0.6,33.2,56.0,0
2023-08-12,1.779361,0.36,1.329042,0.27,18.0,67.0,0
2023-08-13,1.779361,1.97,1.298792,1.51,65.8,232.0,0
2023-08-14,1.779361,1.49,1.262,1.18,72.6,244.0,0
2023-08-15,1.779361,1.33,1.248292,1.07,57.6,190.0,0
2023-08-16,1.779361,0.97,1.246458,0.78,52.8,126.0,0
2023-08-17,1.779361,1.08,1.246125,0.87,56.6,140.0,0
2023-08-18,1.779361,1.01,1.245042,0.81,53.1,132.0,0
2023-08-19,1.779361,0.9,1.243125,0.72,53.0,130.0,0
2023-08-20,1.779361,0.83,1.24125,0.67,38.5,168.0,0
2023-08-21,1.779361,1.1,1.24125,0.89,31.4,114.0,0
2023-08-22,1.779361,0.65,1.147792,0.57,43.1,152.0,0
2023-08-23,1.779361,0.8,1.012083,0.79,65.3,242.0,0
2023-08-24,1.779361,0.71,0.876625,0.81,53.6,167.0,0
2023-08-25,1.779361,1.12,0.846167,1.32,78.0,292.0,0
2023-08-26,1.779361,0.2,0.739292,0.27,31.2,151.0,0
2023-08-27,1.779361,0.3,0.397833,0.74,53.9,147.0,0
2023-08-28,1.779361,0.11,0.284125,0.38,34.8,44.0,0
2023-08-29,1.779361,0.07,0.132917,0.52,31.6,82.0,0
2023-08-30,1.779361,0.05,0.138667,0.38,37.9,67.0,0
2023-08-31,1.779361,0.07,0.170958,0.4,30.5,91.0,0
2023-09-01,1.779361,0.22,0.181625,1.2,72.8,295.0,0
2023-09-02,1.779361,0.07,0.089167,0.76,43.6,101.0,0
2023-09-03,1.779361,0.23,0.236125,0.96,44.7,213.0,0
2023-09-04,1.779361,0.36,0.425875,0.84,53.0,138.0,0
2023-09-05,1.779361,0.18,0.223833,0.8,42.0,155.0,0
2023-09-06,1.779361,0.31,0.304833,1.03,49.0,132.0,0
2023-09-07,1.779361,0.18,0.226792,0.78,34.4,126.0,0
2023-09-08,1.779361,102.67,26.145708,3.93,91.6,912.0,2
2023-09-09,1.779361,1.08,1.12868,0.96,47.9,228.0,0
2023-09-10,1.779361,0.13,0.119375,1.09,59.0,258.0,0
2023-09-11,1.779361,0.11,0.186792,0.58,47.8,166.0,0
2023-09-12,1.779361,0.15,0.355125,0.42,34.5,72.0,0
2023-09-13,1.779361,0.23,0.285417,0.82,82.0,237.0,0
2023-09-14,1.779361,0.11,0.228917,0.5,44.3,161.0,0
2023-09-15,1.779361,0.06,0.161583,0.34,37.0,50.0,0
2023-09-16,1.779361,0.08,0.135583,0.62,43.7,122.0,0
2023-09-17,1.779361,0.15,0.127375,1.14,62.2,255.0,0
2023-09-18,1.779361,0.07,0.090833,0.73,48.8,117.0,0
2023-09-19,1.779361,0.11,0.096833,1.1,66.7,235.0,0
2023-09-20,1.779361,0.15,0.109042,1.41,54.8,200.0,0
2023-09-21,1.779361,0.06,0.091333,0.67,39.9,57.0,0
2023-09-22,1.779361,0.18,0.1425,1.26,65.5,368.0,0
2023-09-23,1.779361,0.14,0.137917,1.03,50.2,195.0,0
2023-09-24,1.779361,0.16,0.21225,0.76,59.0,233.0,0
2023-09-25,1.779361,0.17,0.293167,0.59,21.1,59.0,0
2023-09-26,1.779361,0.3,0.244875,1.23,55.8,295.0,0
2023-09-27,1.779361,0.22,0.314333,0.71,40.4,78.0,0
2023-09-28,1.779361,0.15,0.4328,0.35,24.8,65.0,0
2023-09-29,1.779361,0.34,0.349292,0.98,47.2,117.0,0
2023-09-30,1.779361,0.13,0.295375,0.44,37.3,30.0,0
2023-10-01,1.779361,0.15,0.338083,0.45,28.5,163.0,0
2023-10-02,1.779361,0.34,0.552333,0.62,60.0,65.0,0
2023-10-03,1.779361,0.28,0.4095,0.68,50.9,182.0,0
2023-10-04,1.779361,0.62,0.480792,1.28,63.4,287.0,0
2023-10-05,1.779361,0.19,0.353333,0.54,40.7,121.0,0
2023-10-06,1.779361,0.28,0.277125,1.02,63.8,249.0,0
2023-10-07,1.779361,0.12,0.227667,0.52,46.6,231.0,0
2023-10-08,1.779361,0.16,0.188458,0.86,54.1,193.0,0
2023-10-09,1.779361,0.13,0.161542,0.83,55.6,181.0,0
2023-10-10,1.779361,0.12,0.143625,0.8,49.6,60.0,0
2023-10-11,1.779361,0.17,0.137542,1.22,81.2,282.0,0
2023-10-12,1.779361,0.05,0.094625,0.56,36.1,99.0,0
2023-10-13,1.779361,0.04,0.111375,0.37,46.3,119.0,0
2023-10-14,1.779361,0.07,0.083292,0.9,54.6,189.0,0
2023-10-15,1.779361,0.08,0.0955,0.81,73.2,183.0,0
2023-10-16,1.779361,0.03,0.153875,0.2,20.0,30.0,0
2023-10-17,1.779361,0.11,0.17825,0.62,39.2,68.0,0
2023-10-18,1.779361,0.25,0.178833,1.41,61.4,262.0,0
2023-10-19,1.779361,1.07,1.236154,0.87,62.6,153.0,0
2023-10-20,1.779361,0.24,0.185458,1.28,64.8,303.0,0
2023-10-21,1.779361,0.18,0.189542,0.94,57.7,137.0,0
2023-10-22,1.779361,0.21,0.236042,0.9,57.9,187.0,0
2023-10-23,1.779361,0.07,0.25,0.29,54.9,107.0,0
2023-10-24,1.779361,0.22,0.226458,0.98,77.1,233.0,0
2023-10-25,1.779361,0.12,0.198792,0.63,42.2,67.0,0
2023-10-26,1.779361,0.22,0.188792,1.16,64.6,233.0,0
2023-10-27,1.779361,0.13,0.186917,0.72,41.7,103.0,0
2023-10-28,1.779361,0.23,0.186208,1.25,51.6,177.0,0
2023-10-29,1.779361,0.19,0.176042,1.05,53.1,154.0,0
2023-10-30,1.779361,0.06,0.096458,0.62,44.2,144.0,0
2023-10-31,1.779361,0.2,0.151625,1.31,73.7,270.0,0
2023-11-01,1.779361,0.12,0.187792,0.62,41.0,153.0,0
2023-11-02,1.779361,0.17,0.188125,0.9,53.4,210.0,0
2023-11-03,1.779361,0.1,0.14,0.68,42.3,189.0,0
2023-11-04,1.779361,0.11,0.119625,0.92,46.1,162.0,0
2023-11-05,1.779361,0.05,0.09225,0.54,39.7,113.0,0
2023-11-06,1.779361,0.04,0.087667,0.41,30.2,102.0,0
2023-11-07,1.779361,0.03,0.070708,0.45,41.4,52.0,0
2023-11-08,1.779361,0.15,0.15,0.98,45.5,198.0,0
2023-11-09,1.779361,0.28,0.21004,1.33,58.6,244.0,0
2023-11-10,1.779361,0.11,0.134625,0.79,62.6,175.0,0
2023-11-11,1.779361,0.02,0.1035,0.2,30.3,74.0,0
2023-11-12,1.779361,0.07,0.167208,0.43,45.9,170.0,0
2023-11-13,1.779361,0.04,0.189167,0.2,38.9,91.0,0
2023-11-14,1.779361,0.24,0.189583,1.25,64.4,208.0,0
2023-11-15,1.779361,31.2,12.564708,2.48,82.8,500.0,1
2023-11-16,1.779361,145.71,59.6,2.44,68.9,672.0,2
2023-11-17,1.779361,204.93,59.6,3.44,88.6,826.0,2
2023-11-18,1.779361,108.51,59.6,1.82,78.9,648.0,2
2023-11-19,1.779361,133.26,59.6,2.24,81.3,608.0,2
2023-11-20,1.779361,101.57,59.6,1.7,76.6,611.0,2
2023-11-21,1.779361,142.47,59.6,2.39,72.5,617.0,2
2023-11-22,1.779361,181.67,59.6,3.05,85.3,780.0,2
2023-11-23,1.779361,235.54,59.6,3.95,99.0,890.0,2
2023-11-24,1.779361,131.65,57.30064,2.3,76.3,652.0,2
2023-11-25,1.779361,171.57,59.6,2.88,78.9,663.0,2
2023-11-26,1.779361,215.44,59.6,3.61,94.2,800.0,2
2023-11-27,1.779361,232.8,59.6,3.91,80.2,856.0,2
2023-11-28,1.779361,188.03,59.6,3.15,81.4,772.0,2
2023-11-29,1.779361,127.8,59.6,2.14,74.7,632.0,2
2023-11-30,1.779361,171.43,59.6,2.88,83.3,754.0,2
2023-12-01,1.779361,141.43,59.6,2.37,81.1,595.0,2
2023-12-02,1.779361,199.93,59.6,3.35,99.0,883.0,2
2023-12-03,1.779361,155.32,59.6,2.61,77.1,704.0,2
2023-12-04,1.779361,183.55,59.6,3.08,93.8,814.0,2
2023-12-05,1.779361,86.0,59.6,1.44,73.7,615.0,2
2023-12-06,1.779361,158.28,59.6,2.66,72.2,698.0,2
2023-12-07,1.779361,210.76,59.6,3.54,92.9,896.0,2
2023-12-08,1.779361,180.63,59.6,3.03,76.1,739.0,2
2023-12-09,1.779361,164.13,59.6,2.75,77.7,742.0,2
2023-12-10,1.779361,232.42,59.6,3.9,90.5,888.0,2
2023-12-11,1.779361,210.53,59.6,3.53,85.4,843.0,2
2023-12-12,1.779361,148.17,59.6,2.49,74.9,662.0,2
2023-12-13,1.779361,155.0,59.6,2.6,74.4,754.0,2
2023-12-14,1.779361,168.79,59.6,2.83,77.9,747.0,2
2023-12-15,1.779361,169.07,59.6,2.84,78.3,837.0,2
2023-12-16,1.779361,140.63,59.6,2.36,81.5,620.0,2
2023-12-17,1.779361,120.57,59.6,2.02,74.3,658.0,2
2023-12-18,1.779361,232.72,59.6,3.9,87.4,861.0,2
2023-12-19,1.779361,217.89,59.6,3.66,86.1,776.0,2
2023-12-20,1.779361,210.07,59.6,3.52,89.8,883.0,2
2023-12-21,1.779361,242.05,59.6,4.06,82.2,935.0,2
2023-12-22,1.779361,198.44,59.6,3.33,95.9,854.0,2
2023-12-23,1.779361,209.23,59.6,3.51,80.0,790.0,2
2023-12-24,1.779361,189.25,59.6,3.18,78.9,820.0,2
2023-12-25,1.779361,168.37,59.6,2.83,77.6,640.0,2
2023-12-26,1.779361,169.13,57.30712,2.95,69.3,740.0,2
2023-12-27,1.779361,118.5,53.187593,2.23,71.0,662.0,2
2023-12-28,1.779361,187.46,59.6,3.15,88.7,819.0,2
2023-12-29,1.779361,139.59,59.6,2.34,74.0,639.0,2
2023-12-30,1.779361,130.94,59.6,2.2,76.0,631.0,2
2023-12-31,1.779361,166.9,59.6,2.8,85.1,785.0,2
2024-01-01,1.779361,152.74,59.6,2.56,75.2,674.0,2
2024-01-02,1.779361,107.28,59.6,1.8,79.0,649.0,2
2024-01-03,1.779361,221.41,59.6,3.71,85.9,821.0,2
2024-01-04,1.779361,217.2,55.157462,3.94,90.6,846.0,2
2024-01-05,1.779361,123.73,59.6,2.08,83.1,610.0,2
2024-01-06,1.779361,111.4,59.6,1.87,72.6,505.0,2
2024-01-07,1.779361,138.54,59.6,2.32,73.5,662.0,2
2024-01-08,1.779361,213.51,59.6,3.58,88.2,885.0,2
2024-01-09,1.779361,203.48,59.6,3.41,84.6,791.0,2
2024-01-10,1.779361,122.73,59.6,2.06,87.2,602.0,2
2024-01-11,1.779361,202.84,59.6,3.4,81.0,845.0,2
2024-01-12,1.779361,128.03,59.6,2.15,73.0,666.0,2
2024-01-13,1.779361,141.5,59.6,2.37,74.9,643.0,2
2024-01-14,1.779361,243.44,59.6,4.08,99.0,904.0,2
2024-01-15,1.779361,117.81,59.6,1.98,76.5,639.0,2
2024-01-16,1.779361,118.72,59.6,1.99,73.1,613.0,2
2024-01-17,1.779361,154.24,59.6,2.59,80.2,691.0,2
2024-01-18,1.779361,200.23,59.6,3.36,90.4,789.0,2
2024-01-19,1.779361,221.5,59.6,3.72,97.3,856.0,2
2024-01-20,1.779361,231.76,59.6,3.89,97.5,846.0,2
2024-01-21,1.779361,109.56,59.6,1.84,71.6,536.0,2
2024-01-22,1.779361,124.56,59.6,2.09,83.9,637.0,2
2024-01-23,1.779361,205.87,59.6,3.45,91.0,793.0,2
2024-01-24,1.779361,136.95,59.6,2.3,78.0,578.0,2
2024-01-25,1.779361,197.86,55.137346,3.59,88.2,883.0,2
2024-01-26,1.779361,182.08,59.6,3.05,89.4,801.0,2
2024-01-27,1.779361,85.2,59.6,1.43,73.4,553.0,2
2024-01-28,1.779361,192.44,59.6,3.23,96.8,851.0,2
2024-01-29,1.779361,116.28,59.6,1.95,85.4,597.0,2
2024-01-30,1.779361,174.31,59.6,2.92,73.5,688.0,2
2024-01-31,1.779361,188.25,59.6,3.16,84.4,766.0,2
2024-02-01,1.779361,160.04,59.6,2.69,77.8,740.0,2
2024-02-02,1.779361,168.58,59.6,2.83,83.4,789.0,2
2024-02-03,1.779361,204.24,59.6,3.43,77.5,785.0,2
2024-02-04,1.779361,223.9,59.6,3.76,88.4,831.0,2
2024-02-05,1.779361,218.69,53.578852,4.08,87.4,960.0,2
2024-02-06,1.779361,168.05,59.6,2.82,87.7,709.0,2
2024-02-07,1.779361,62.54,27.429167,2.28,68.4,559.0,2
2024-02-08,1.779361,97.5,27.448875,3.55,99.0,737.0,2
2024-02-09,1.779361,37.13,14.63172,2.54,77.3,589.0,1
2024-02-10,1.779361,0.63,0.5405,1.16,43.0,77.0,0
2024-02-11,1.779361,0.47,0.543125,0.87,50.7,151.0,0
2024-02-12,1.779361,0.29,0.5415,0.54,48.5,148.0,0
2024-02-13,1.779361,0.22,0.543625,0.41,35.2,84.0,0
2024-02-14,1.779361,23.67,10.385417,2.28,80.6,491.0,1
2024-02-15,1.779361,68.61,28.95572,2.37,72.7,655.0,2
2024-02-16,1.779361,23.17,10.384042,2.23,77.1,490.0,1
2024-02-17,1.779361,184.71,57.123208,3.23,83.2,837.0,2
2024-02-18,1.779361,165.52,49.756375,3.33,81.2,826.0,2
2024-02-19,1.779361,0.42,0.537292,0.79,39.5,171.0,0
2024-02-20,1.779361,14.54,10.383292,1.4,58.3,391.0,1
2024-02-21,1.779361,96.42,30.068583,3.21,84.2,862.0,2
2024-02-22,1.779361,0.65,0.535708,1.21,69.0,263.0,0
2024-02-23,1.779361,0.55,0.535667,1.03,38.8,174.0,0
2024-02-24,1.779361,149.04,39.911208,3.73,97.7,871.0,2
2024-02-25,1.779361,0.27,0.528542,0.51,34.4,69.0,0
2024-02-26,1.779361,0.47,0.527292,0.89,72.1,222.0,0
2024-02-27,1.779361,0.15,0.530125,0.28,46.3,62.0,0
2024-02-28,1.779361,0.27,0.52725,0.51,31.2,54.0,0
2024-02-29,1.779361,0.52,0.526833,0.99,51.3,139.0,0
2024-03-01,1.779361,0.27,0.522833,0.52,37.6,107.0,0
2024-03-02,1.779361,0.49,0.521042,0.94,33.1,104.0,0
2024-03-03,1.779361,5.87,7.894792,0.74,54.0,256.0,1
2024-03-04,1.779361,89.2,30.056458,2.97,90.2,755.0,2
2024-03-05,1.779361,126.82,39.902667,3.18,93.8,844.0,2
2024-03-06,1.779361,0.1,0.497542,0.2,24.0,67.0,0
2024-03-07,1.779361,164.05,49.747458,3.3,89.5,798.0,2
2024-03-08,1.779361,198.69,59.6,3.33,93.3,839.0,2
2024-03-09,1.779361,16.98,20.168875,0.84,48.0,347.0,1
2024-03-10,1.779361,65.45,30.018667,2.18,70.7,630.0,2
2024-03-11,1.779361,0.52,0.40764,1.27,62.4,213.0,0
2024-03-12,1.779361,0.46,0.401333,1.15,53.5,212.0,0
2024-03-13,1.779361,0.47,0.392458,1.19,50.0,108.0,0
2024-03-14,1.779361,0.34,0.362792,0.94,66.7,267.0,0
2024-03-15,1.779361,0.15,0.333208,0.46,35.7,33.0,0
2024-03-16,1.779361,0.28,0.320958,0.86,42.0,208.0,0
2024-03-17,1.779361,0.27,0.30275,0.88,63.9,226.0,0
2024-03-18,1.779361,0.16,0.286375,0.58,55.4,165.0,0
2024-03-19,1.779361,0.26,0.244625,1.04,57.2,240.0,0
2024-03-20,1.779361,0.16,0.241417,0.67,53.6,129.0,0
2024-03-21,1.779361,0.27,0.214792,1.26,67.4,276.0,0
2024-03-22,1.779361,0.15,0.19025,0.79,60.3,140.0,0
2024-03-23,1.779361,0.13,0.162167,0.8,53.6,92.0,0
2024-03-24,1.779361,0.08,0.131,0.61,33.0,91.0,0
2024-03-25,1.779361,0.09,0.121375,0.7,38.6,126.0,0
2024-03-26,1.779361,0.07,0.105167,0.7,69.5,225.0,0
2024-03-27,1.779361,0.01,0.071917,0.2,39.2,50.0,0
2024-03-28,1.779361,0.02,0.0515,0.39,28.6,134.0,0
2024-03-29,1.779361,0.01,0.042917,0.33,49.5,110.0,0
2024-03-30,1.779361,0.03,0.05792,0.55,40.7,105.0,0
2024-03-31,1.779361,0.17,0.120917,1.43,66.4,275.0,0
2024-04-01,1.779361,0.12,0.141667,0.84,40.4,173.0,0
2024-04-02,1.779361,0.18,0.123458,1.49,73.5,275.0,0
2024-04-03,1.779361,0.06,0.120208,0.46,37.0,30.0,0
2024-04-04,1.779361,0.11,0.136583,0.83,57.0,146.0,0
2024-04-05,1.779361,0.12,0.141583,0.84,57.5,148.0,0
2024-04-06,1.779361,0.11,0.144375,0.75,43.1,176.0,0
2024-04-07,1.779361,0.14,0.123167,1.17,61.8,277.0,0
2024-04-08,1.779361,0.16,0.128792,1.27,59.4,247.0,0
2024-04-09,1.779361,0.15,0.137417,1.08,65.9,248.0,0
2024-04-10,1.779361,0.06,0.136667,0.43,49.6,104.0,0
2024-04-11,1.779361,0.07,0.164792,0.42,51.2,171.0,0
2024-04-12,1.779361,0.25,0.1955,1.28,57.6,224.0,0
2024-04-13,1.779361,0.09,0.152417,0.58,44.0,89.0,0
2024-04-14,1.779361,0.17,0.142417,1.2,61.3,211.0,0
2024-04-15,1.779361,0.1,0.117167,0.82,51.9,214.0,0
2024-04-16,1.779361,0.08,0.110167,0.73,60.5,144.0,0
2024-04-17,1.779361,0.19,0.1335,1.4,67.1,278.0,0
2024-04-18,1.779361,0.1,0.106917,0.96,52.3,169.0,0
2024-04-19,1.779361,0.04,0.066792,0.62,29.5,30.0,0
2024-04-20,1.779361,0.0,0.012292,0.2,22.4,72.0,0
2024-04-21,1.779361,0.01,0.009,0.98,59.0,229.0,0
2024-04-22,1.779361,0.01,0.009,1.0,39.8,144.0,0
2024-04-23,1.779361,0.0,0.01125,0.32,45.3,107.0,0
2024-04-24,1.779361,0.01,0.010583,0.93,49.0,79.0,0
2024-04-25,1.779361,0.02,0.017708,0.86,62.0,237.0,0
2024-04-26,1.779361,0.04,0.03276,1.36,69.4,210.0,0
2024-04-27,1.779361,0.05,0.042375,1.11,59.1,108.0,0
2024-04-28,1.779361,0.05,0.06275,0.86,49.9,124.0,0
2024-04-29,1.779361,0.05,0.072542,0.74,34.1,62.0,0
2024-04-30,1.779361,0.08,0.097,0.81,50.9,193.0,0
2024-05-01,1.779361,0.06,0.112708,0.49,39.5,123.0,0
2024-05-02,1.779361,0.2,0.157875,1.28,59.7,114.0,0
2024-05-03,1.779361,0.14,0.182375,0.78,60.3,240.0,0
2024-05-04,1.779361,0.05,0.22324,0.24,27.1,41.0,0
2024-05-05,1.779361,0.07,0.181542,0.36,29.6,70.0,0
2024-05-06,1.779361,0.05,0.185083,0.27,38.9,126.0,0
2024-05-07,1.779361,0.31,0.219542,1.4,67.3,218.0,0
2024-05-08,1.779361,0.21,0.221042,0.94,47.5,244.0,0
2024-05-09,1.779361,0.06,0.1335,0.44,38.2,53.0,0
2024-05-10,1.779361,0.15,0.148375,1.0,77.9,217.0,0
2024-05-11,1.779361,0.05,0.125875,0.44,53.2,204.0,0
2024-05-12,1.779361,0.12,0.129667,0.94,53.7,177.0,0
2024-05-13,1.779361,0.16,0.154417,1.04,68.3,250.0,0
2024-05-14,1.779361,0.07,0.145458,0.45,26.6,95.0,0
2024-05-15,1.779361,0.1,0.165042,0.58,47.9,134.0,0
2024-05-16,1.779361,0.24,0.2956,0.8,52.8,198.0,0
2024-05-17,1.779361,0.1,0.178808,0.54,35.9,51.0,0
2024-05-18,1.779361,0.2,0.181292,1.09,53.3,235.0,0
2024-05-19,1.779361,0.1,0.160917,0.63,33.1,76.0,0
2024-05-20,1.779361,0.11,0.161375,0.65,34.3,104.0,0
2024-05-21,1.779361,0.13,0.151083,0.85,43.5,67.0,0
2024-05-22,1.779361,0.1,0.176333,0.59,41.8,133.0,0
2024-05-23,1.779361,0.09,0.204833,0.44,23.3,67.0,0
2024-05-24,1.779361,0.1,0.207958,0.5,40.4,56.0,0
2024-05-25,1.779361,0.32,0.247083,1.29,69.7,209.0,0
2024-05-26,1.779361,0.05,0.208208,0.22,40.5,77.0,0
2024-05-27,1.779361,0.13,0.191417,0.67,40.7,92.0,0
2024-05-28,1.779361,0.04,0.211125,0.2,29.2,69.0,0
2024-05-29,1.779361,0.14,0.19725,0.73,47.6,129.0,0
2024-05-30,1.779361,0.1,0.214625,0.45,31.9,92.0,0
2024-05-31,1.779361,0.17,0.183708,0.92,53.2,241.0,0
2024-06-01,1.779361,0.07,0.204083,0.33,43.5,122.0,0
2024-06-02,1.779361,0.22,0.207375,1.04,71.2,279.0,0
2024-06-03,1.779361,0.26,0.262042,0.98,68.1,273.0,0
2024-06-04,1.779361,0.09,0.255208,0.36,35.5,70.0,0
2024-06-05,1.779361,0.12,0.232458,0.52,30.2,72.0,0
2024-06-06,1.779361,0.12,0.25975,0.48,35.8,30.0,0
2024-06-07,1.779361,0.15,0.293667,0.52,50.7,209.0,0
2024-06-08,1.779361,0.13,0.296375,0.45,27.8,92.0,0
2024-06-09,1.779361,0.33,0.350292,0.94,69.4,235.0,0
2024-06-10,1.779361,0.37,0.274333,1.36,71.7,255.0,0
2024-06-11,1.779361,0.3,0.320458,0.94,66.5,259.0,0
2024-06-12,1.779361,0.34,0.370958,0.93,51.1,140.0,0
2024-06-13,1.779361,0.51,0.38525,1.33,70.8,279.0,0
2024-06-14,1.779361,0.09,0.389125,0.24,34.8,30.0,0
2024-06-15,1.779361,0.37,0.32625,1.15,56.6,156.0,0
2024-06-16,1.779361,0.22,0.448958,0.48,35.7,142.0,0
2024-06-17,1.779361,0.32,0.309917,1.03,77.9,254.0,0
2024-06-18,1.779361,0.51,0.494542,1.03,55.4,163.0,0
2024-06-19,1.779361,0.69,0.563875,1.22,54.5,272.0,0
2024-06-20,1.779361,0.31,0.566208,0.54,36.7,68.0,0
2024-06-21,1.779361,0.69,0.473042,1.46,66.0,281.0,0
2024-06-22,1.779361,0.57,0.53,1.07,53.9,118.0,0
2024-06-23,1.779361,0.42,0.516208,0.82,47.4,136.0,0
2024-06-24,1.779361,0.66,0.535792,1.24,75.5,224.0,0
2024-06-25,1.779361,0.4,0.558292,0.71,46.4,171.0,0
2024-06-26,1.779361,0.46,0.595583,0.78,49.1,150.0,0
2024-06-27,1.779361,0.5,0.6565,0.76,53.4,190.0,0
2024-06-28,1.779361,0.44,0.6025,0.73,33.4,132.0,0
2024-06-29,1.779361,0.43,0.62225,0.69,47.3,117.0,0
2024-06-30,1.779361,0.22,0.474708,0.45,30.5,97.0,0
2024-07-01,1.779361,0.2,0.400625,0.49,35.7,110.0,0
2024-07-02,1.779361,0.38,0.3595,1.04,62.2,299.0,0
2024-07-03,1.779361,0.32,0.394875,0.82,59.4,175.0,0
2024-07-04,1.779361,0.29,0.435167,0.66,44.4,148.0,0
2024-07-05,1.779361,0.25,0.33925,0.74,62.4,166.0,0
2024-07-06,1.779361,30.26,19.036615,1.59,54.8,456.0,1
2024-07-07,1.779361,0.09,0.436958,0.2,59.0,216.0,0
2024-07-08,1.779361,5.07,2.294429,2.21,91.3,636.0,1
2024-07-09,1.779361,0.85,0.607615,1.4,52.5,255.0,0
2024-07-10,1.779361,0.6,0.778615,0.77,32.3,182.0,0
2024-07-11,1.779361,38.92,24.354333,1.6,64.1,355.0,1
2024-07-12,1.779361,0.48,0.551083,0.88,37.8,219.0,0
2024-07-13,1.779361,3.04,1.943233,1.56,75.8,393.0,1
2024-07-14,1.779361,0.18,0.374885,0.48,44.3,153.0,0
2024-07-15,1.779361,4.49,2.454067,1.83,74.1,515.0,1
2024-07-16,1.779361,4.24,2.357933,1.8,72.2,442.0,1
2024-07-17,1.779361,72.66,30.975042,2.35,67.4,652.0,2
2024-07-18,1.779361,8.46,5.319,1.59,63.4,387.0,1
2024-07-19,1.779361,0.24,0.326375,0.73,44.3,173.0,0
2024-07-20,1.779361,0.18,0.390958,0.45,33.4,63.0,0
2024-07-21,1.779361,0.19,0.336417,0.56,33.1,64.0,0
2024-07-22,1.779361,0.57,0.553731,1.03,62.7,197.0,0
2024-07-23,1.779361,2.66,1.759733,1.51,61.7,326.0,1
2024-07-24,1.779361,8.95,6.740731,1.33,60.7,367.0,1
2024-07-25,1.779361,0.56,0.467115,1.2,50.4,159.0,0
2024-07-26,1.779361,1.04,1.181367,0.88,56.5,147.0,0
2024-07-27,1.779361,0.3,0.369083,0.8,50.0,131.0,0
2024-07-28,1.779361,0.6,0.413875,1.45,59.3,218.0,0
2024-07-29,1.779361,1.15,0.77568,1.49,67.3,280.0,0
2024-07-30,1.779361,0.38,0.407667,0.94,68.3,166.0,0
2024-07-31,1.779361,0.22,0.351333,0.64,54.4,186.0,0
2024-08-01,1.779361,0.19,0.408875,0.46,39.1,62.0,0
2024-08-02,1.779361,0.46,0.356333,1.29,63.7,299.0,0
2024-08-03,1.779361,0.43,0.596,0.72,49.1,104.0,0
2024-08-04,1.779361,0.23,0.351125,0.66,74.0,269.0,0
2024-08-05,1.779361,0.32,0.521074,0.61,69.7,168.0,0
2024-08-06,1.779361,0.1,0.438083,0.22,30.1,92.0,0
2024-08-07,1.779361,3.3,3.30736,1.0,56.0,305.0,1
2024-08-08,1.779361,19.53,7.240667,2.7,72.5,497.0,1
2024-08-09,1.779361,10.25,6.385385,1.6,70.1,430.0,1
2024-08-10,1.779361,2.44,3.452292,0.71,59.7,183.0,1
2024-08-11,1.779361,9.92,3.991917,2.48,74.5,514.0,1
2024-08-12,1.779361,11.23,5.349125,2.1,75.5,568.0,1
2024-08-13,1.779361,9.27,6.291,1.47,70.9,474.0,1
2024-08-14,1.779361,12.4,6.382083,1.94,70.6,442.0,1
2024-08-15,1.779361,5.5,5.48525,1.0,56.1,297.0,1
2024-08-16,1.779361,9.4,4.595208,2.05,64.7,498.0,1
2024-08-17,1.779361,3.22,2.05425,1.57,61.1,385.0,1
2024-08-18,1.779361,5.78,2.151167,2.69,85.1,524.0,1
2024-08-19,1.779361,2.79,1.968792,1.42,64.6,379.0,1
2024-08-20,1.779361,7.07,5.427083,1.3,70.9,549.0,1
2024-08-21,1.779361,7.7,6.018167,1.28,63.5,429.0,1
2024-08-22,1.779361,6.88,5.670192,1.21,54.7,295.0,1
2024-08-23,1.779361,14.27,6.270667,2.28,85.2,529.0,1
2024-08-24,1.779361,11.2,5.89925,1.9,74.1,427.0,1
2024-08-25,1.779361,12.86,5.537792,2.32,74.8,455.0,1
2024-08-26,1.779361,16.55,6.201,2.67,81.7,641.0,1
2024-08-27,1.779361,16.02,6.2,2.58,77.3,526.0,1
2024-08-28,1.779361,6.07,2.58425,2.35,70.6,549.0,1
2024-08-29,1.779361,7.0,5.243625,1.33,68.2,287.0,1
2024-08-30,1.779361,13.62,6.143769,2.22,65.5,507.0,1
2024-08-31,1.779361,16.79,6.993042,2.4,78.5,604.0,1
2024-09-01,1.779361,15.08,9.171346,1.64,57.3,478.0,1
2024-09-02,1.779361,9.16,9.720792,0.94,56.3,311.0,1
2024-09-03,1.779361,15.96,7.567542,2.11,73.5,564.0,1
2024-09-04,1.779361,12.19,7.125292,1.71,73.2,409.0,1
2024-09-05,1.779361,13.16,6.969292,1.89,63.2,429.0,1
2024-09-06,1.779361,20.61,6.851375,3.01,75.4,613.0,1
2024-09-07,1.779361,14.61,6.790833,2.15,73.7,497.0,1
2024-09-08,1.779361,12.02,7.013542,1.71,62.3,394.0,1
2024-09-09,1.779361,11.9,7.31425,1.63,65.7,370.0,1
2024-09-10,1.779361,12.08,7.199292,1.68,56.6,394.0,1
2024-09-11,1.779361,8.3,6.8895,1.2,44.2,339.0,1
2024-09-12,1.779361,14.65,6.480375,2.26,91.0,509.0,1
2024-09-13,1.779361,15.92,6.512,2.45,70.5,553.0,1
2024-09-14,1.779361,8.88,6.43625,1.38,55.7,278.0,1
2024-09-15,1.779361,8.43,6.441208,1.31,66.7,362.0,1
2024-09-16,1.779361,11.34,4.786833,2.37,69.7,546.0,1
2024-09-17,1.779361,5.56,5.403292,1.03,52.7,326.0,1
2024-09-18,1.779361,12.85,6.3915,2.01,72.0,495.0,1
2024-09-19,1.779361,11.29,6.5332,1.73,69.3,458.0,1
2024-09-20,1.779361,14.47,6.405917,2.26,79.1,436.0,1
2024-09-21,1.779361,7.45,6.506292,1.14,51.9,347.0,1
2024-09-22,1.779361,16.02,6.94125,2.31,71.9,540.0,1
2024-09-23,1.779361,12.17,6.779667,1.8,70.5,347.0,1
2024-09-24,1.779361,11.53,6.052833,1.9,73.5,404.0,1
2024-09-25,1.779361,5.92,4.886292,1.21,51.5,292.0,1
2024-09-26,1.779361,11.4,6.467083,1.76,78.0,515.0,1
2024-09-27,1.779361,12.71,6.89325,1.84,68.7,386.0,1
2024-09-28,1.779361,7.66,6.404708,1.2,65.1,307.0,1
2024-09-29,1.779361,8.09,5.94975,1.36,63.9,353.0,1
2024-09-30,1.779361,7.38,6.001375,1.23,55.5,322.0,1
2024-10-01,1.779361,12.04,6.691167,1.8,67.0,392.0,1
2024-10-02,1.779361,8.14,6.584333,1.24,66.8,284.0,1
2024-10-03,1.779361,19.33,6.638292,2.91,85.4,662.0,1
2024-10-04,1.779361,11.19,6.8505,1.63,71.3,389.0,1
2024-10-05,1.779361,17.89,6.731875,2.66,79.7,552.0,1
2024-10-06,1.779361,17.56,6.591792,2.66,84.0,578.0,1
2024-10-07,1.779361,7.22,6.7515,1.07,53.4,356.0,1
2024-10-08,1.779361,14.27,6.854792,2.08,70.1,447.0,1
2024-10-09,1.779361,19.12,7.044667,2.71,82.4,621.0,1
2024-10-10,1.779361,15.4,7.181,2.15,72.2,469.0,1
2024-10-11,1.779361,13.67,7.905042,1.73,68.0,408.0,1
2024-10-12,1.779361,14.64,8.328292,1.76,65.8,395.0,1
2024-10-13,1.779361,9.82,7.718708,1.27,51.6,381.0,1
2024-10-14,1.779361,11.36,6.944542,1.64,60.8,403.0,1
2024-10-15,1.779361,21.54,7.559042,2.85,81.2,621.0,1
2024-10-16,1.779361,19.68,7.233542,2.72,81.8,558.0,1
2024-10-17,1.779361,6.34,6.54675,0.97,51.7,210.0,1
2024-10-18,1.779361,14.76,7.499,1.97,66.2,531.0,1
2024-10-19,1.779361,10.57,6.806458,1.55,62.5,289.0,1
2024-10-20,1.779361,19.15,7.242,2.64,70.2,456.0,1
2024-10-21,1.779361,5.07,7.769625,0.65,60.7,309.0,1
2024-10-22,1.779361,21.23,7.653417,2.77,74.7,700.0,1
2024-10-23,1.779361,18.67,7.373667,2.53,63.5,472.0,1
2024-10-24,1.779361,9.11,8.482708,1.07,58.1,305.0,1
2024-10-25,1.779361,82.73,41.951792,1.97,67.8,495.0,2
2024-10-26,1.779361,136.8,39.506,3.46,97.8,791.0,2
2024-10-27,1.779361,123.71,60.923208,2.03,85.0,665.0,2
2024-10-28,1.779361,113.2,41.419292,2.73,91.1,730.0,2
2024-10-29,1.779361,5.29,1.874208,2.82,80.2,589.0,1
2024-10-30,1.779361,166.03,57.009125,2.91,85.5,744.0,2
2024-10-31,1.779361,139.46,54.167625,2.57,88.6,665.0,2
2024-11-01,1.779361,145.88,56.557417,2.58,78.4,643.0,2
2024-11-02,1.779361,119.03,56.448667,2.11,68.9,546.0,2
2024-11-03,1.779361,191.74,56.64196,3.39,97.5,921.0,2
2024-11-04,1.779361,103.55,45.08375,2.3,77.9,655.0,2
2024-11-05,1.779361,93.83,54.102708,1.73,73.2,639.0,2
2024-11-06,1.779361,107.52,47.308875,2.27,79.8,600.0,2
2024-11-07,1.779361,165.23,42.783792,3.86,84.4,960.0,2
2024-11-08,1.779361,74.75,45.069667,1.66,75.3,575.0,2
2024-11-09,1.779361,152.67,40.564667,3.76,90.8,884.0,2
2024-11-10,1.779361,136.06,40.549542,3.36,69.7,759.0,2
2024-11-11,1.779361,124.24,35.577792,3.49,81.7,862.0,2
2024-11-12,1.779361,178.94,45.0295,3.97,83.6,931.0,2
2024-11-13,1.779361,161.04,47.411583,3.4,90.8,811.0,2
2024-11-14,1.779361,130.3,37.193208,3.5,98.9,931.0,2
2024-11-15,1.779361,74.43,37.936208,1.96,73.8,510.0,2
2024-11-16,1.779361,121.94,34.241583,3.56,88.6,779.0,2
2024-11-17,1.779361,85.87,29.442625,2.92,87.0,712.0,2
2024-11-18,1.779361,93.52,37.420625,2.5,89.1,750.0,2
2024-11-19,1.779361,106.73,27.110625,3.94,99.0,887.0,2
2024-11-20,1.779361,388.89,104.442667,3.72,91.6,887.0,2
2024-11-21,1.779361,107.61,34.65264,3.11,90.8,828.0,2
2024-11-22,1.779361,95.84,34.8354,2.75,95.4,660.0,2
2024-11-23,1.779361,95.89,33.716542,2.84,74.0,701.0,2
2024-11-24,1.779361,215.47,87.808,2.45,85.8,710.0,2
2024-11-25,1.779361,105.93,44.8145,2.36,79.0,651.0,2
2024-11-26,1.779361,131.44,45.022667,2.92,73.4,675.0,2
2024-11-27,1.779361,23.91,24.780917,0.96,58.6,248.0,1
2024-11-28,1.779361,83.84,40.531542,2.07,72.3,539.0,2
2024-11-29,1.779361,100.12,29.074208,3.44,83.9,846.0,2
2024-11-30,1.779361,1.06,1.314208,0.81,58.6,174.0,0
2024-12-01,1.779361,1.19,1.16675,1.02,73.4,216.0,0
2024-12-02,1.779361,72.16,25.70775,2.81,79.0,794.0,2
2024-12-03,1.779361,60.74,33.902042,1.79,74.5,440.0,2
2024-12-04,1.779361,69.85,37.046417,1.89,87.8,672.0,2
2024-12-05,1.779361,74.76,37.257958,2.01,67.8,520.0,2
2024-12-06,1.779361,148.58,40.723583,3.65,95.6,858.0,2
2024-12-07,1.779361,78.06,33.630833,2.32,68.6,642.0,2
2024-12-08,1.779361,179.83,66.329083,2.71,94.2,735.0,2
2024-12-09,1.779361,144.8,39.14144,3.7,84.9,865.0,2
2024-12-10,1.779361,171.44,42.511583,4.03,96.3,941.0,2
2024-12-11,1.779361,102.22,42.596708,2.4,72.1,618.0,2
2024-12-12,1.779361,21.19,24.613125,0.86,51.5,254.0,1
2024-12-13,1.779361,56.25,26.873208,2.09,85.8,595.0,2
2024-12-14,1.779361,22.62,15.555375,1.45,52.3,334.0,1
2024-12-15,1.779361,69.93,33.621417,2.08,72.0,596.0,2
2024-12-16,1.779361,40.92,22.769458,1.8,69.9,471.0,1
2024-12-17,1.779361,53.48,23.192542,2.31,88.1,525.0,1
2024-12-18,1.779361,106.85,38.117125,2.8,80.9,814.0,2
2024-12-19,1.779361,109.2,33.63025,3.25,91.8,757.0,2
2024-12-20,1.779361,18.03,17.993875,1.0,56.3,360.0,1
2024-12-21,1.779361,107.59,29.135333,3.69,92.6,826.0,2
2024-12-22,1.779361,146.2,47.317583,3.09,84.7,800.0,2
2024-12-23,1.779361,115.19,30.853583,3.73,82.2,858.0,2
2024-12-24,1.779361,184.5,54.070125,3.41,86.5,885.0,2
2024-12-25,1.779361,111.56,40.320875,2.77,88.3,676.0,2
2024-12-26,1.779361,50.65,26.775708,1.89,85.8,603.0,2
2024-12-27,1.779361,67.59,32.116625,2.1,74.3,589.0,2
2024-12-28,1.779361,189.49,65.455,2.89,69.3,671.0,2
2024-12-29,1.779361,233.55,65.455,3.57,88.0,881.0,2
2024-12-30,1.779361,190.42,65.455,2.91,90.9,607.0,2
2024-12-31,1.779361,117.44,36.589833,3.21,86.8,862.0,2
2025-01-01,1.779361,168.56,60.753583,2.77,85.6,738.0,2
2025-01-02,1.779361,145.31,60.730833,2.39,73.2,621.0,2
2025-01-03,1.779361,116.91,60.7135,1.93,83.1,649.0,2
2025-01-04,1.779361,204.95,60.712417,3.38,98.9,704.0,2
2025-01-05,1.779361,179.99,60.723708,2.96,84.9,854.0,2
2025-01-06,1.779361,152.91,60.718917,2.52,83.0,697.0,2
2025-01-07,1.779361,115.3,57.428462,2.01,61.4,618.0,2
2025-01-08,1.779361,178.4,60.706583,2.94,93.0,789.0,2
2025-01-09,1.779361,109.85,60.683708,1.81,81.8,603.0,2
2025-01-10,1.779361,246.95,60.6875,4.07,93.0,877.0,2
2025-01-11,1.779361,137.61,60.692125,2.27,75.1,548.0,2
2025-01-12,1.779361,112.46,60.655,1.85,73.0,565.0,2
2025-01-13,1.779361,175.6,60.664167,2.89,88.0,689.0,2
2025-01-14,1.779361,188.78,60.675167,3.11,84.3,694.0,2
2025-01-15,1.779361,168.89,60.68225,2.78,84.1,721.0,2
2025-01-16,1.779361,176.91,60.698833,2.91,71.8,665.0,2
2025-01-17,1.779361,229.35,60.725667,3.78,99.0,883.0,2
2025-01-18,1.779361,179.06,60.726042,2.95,90.0,723.0,2
2025-01-19,1.779361,262.1,97.09204,2.7,87.1,711.0,2
2025-01-20,1.779361,169.38,60.694958,2.79,77.3,663.0,2
2025-01-21,1.779361,108.65,60.692083,1.79,82.4,556.0,2
2025-01-22,1.779361,182.67,60.7105,3.01,89.6,743.0,2
2025-01-23,1.779361,139.37,58.99504,2.36,76.8,590.0,2
2025-01-24,1.779361,188.45,60.7005,3.1,85.3,807.0,2
2025-01-25,1.779361,129.68,60.674833,2.14,72.5,543.0,2
2025-01-26,1.779361,232.17,60.645792,3.83,92.2,850.0,2
2025-01-27,1.779361,151.11,57.318538,2.64,76.1,754.0,2
2025-01-28,1.779361,217.35,60.617042,3.59,91.5,920.0,2
2025-01-29,1.779361,180.08,60.588833,2.97,91.8,677.0,2
2025-01-30,1.779361,130.8,60.577708,2.16,70.4,563.0,2
2025-01-31,1.779361,220.44,60.590458,3.64,88.5,883.0,2
2025-02-01,1.779361,184.44,58.26587,3.17,82.8,813.0,2
2025-02-02,1.779361,91.42,26.715,3.42,82.2,782.0,2
2025-02-03,1.779361,136.61,53.771,2.54,75.5,712.0,2
2025-02-04,1.779361,180.67,60.491458,2.99,84.1,774.0,2
2025-02-05,1.779361,221.22,60.427458,3.66,84.0,901.0,2
2025-02-06,1.779361,170.85,55.983385,3.05,85.4,785.0,2
2025-02-07,1.779361,154.69,60.391042,2.56,67.5,786.0,2
2025-02-08,1.779361,189.56,60.443458,3.14,85.8,812.0,2
2025-02-09,1.779361,202.99,60.529,3.35,96.7,699.0,2
2025-02-10,1.779361,258.67,60.489417,4.28,96.5,920.0,2
2025-02-11,1.779361,155.35,60.525167,2.57,73.2,620.0,2
2025-02-12,1.779361,149.17,60.561208,2.46,88.7,695.0,2
2025-02-13,1.779361,205.3,60.590625,3.39,84.7,898.0,2
2025-02-14,1.779361,164.18,60.538583,2.71,83.7,676.0,2
2025-02-15,1.779361,187.22,60.487583,3.1,77.0,814.0,2
2025-02-16,1.779361,158.03,60.536458,2.61,88.0,768.0,2
2025-02-17,1.779361,128.88,60.472708,2.13,72.4,569.0,2
2025-02-18,1.779361,224.66,60.440625,3.72,94.3,743.0,2
2025-02-19,1.779361,133.98,60.452625,2.22,72.8,522.0,2
2025-02-20,1.779361,142.49,60.460292,2.36,79.8,609.0,2
2025-02-21,1.779361,190.04,55.959792,3.4,89.1,846.0,2
2025-02-22,1.779361,95.32,29.346619,3.25,88.1,777.0,2
2025-02-23,1.779361,14.24,6.29,2.26,84.7,554.0,1
2025-02-24,1.779361,126.86,57.425222,2.21,78.6,645.0,2
2025-02-25,1.779361,116.12,60.42719,1.92,89.8,555.0,2
2025-02-26,1.779361,232.2,60.3665,3.85,99.0,951.0,2
2025-02-27,1.779361,120.41,60.354684,2.0,76.4,517.0,2
2025-02-28,1.779361,108.86,60.330917,1.8,66.6,620.0,2
2025-03-01,1.779361,143.12,55.755154,2.57,70.2,642.0,2
2025-03-02,1.779361,163.46,60.256417,2.71,82.2,756.0,2
2025-03-03,1.779361,201.53,58.165375,3.46,86.6,913.0,2
2025-03-04,1.779361,200.77,60.275667,3.33,90.9,845.0,2
2025-03-05,1.779361,185.38,55.721875,3.33,87.6,766.0,2
2025-03-06,1.779361,114.83,57.966167,1.98,88.3,659.0,2
2025-03-07,1.779361,158.5,60.217417,2.63,78.7,695.0,2
2025-03-08,1.779361,156.71,60.244875,2.6,89.4,755.0,2
2025-03-09,1.779361,114.34,57.812375,1.98,86.3,587.0,2
2025-03-10,1.779361,134.98,60.279708,2.24,74.9,702.0,2
2025-03-11,1.779361,133.11,60.263667,2.21,72.8,712.0,2
2025-03-12,1.779361,142.33,60.268625,2.36,78.5,560.0,2
2025-03-13,1.779361,168.2,60.251792,2.79,84.9,745.0,2
2025-03-14,1.779361,203.29,60.246792,3.37,76.9,811.0,2
2025-03-15,1.779361,107.41,60.222042,1.78,73.2,521.0,2
2025-03-16,1.779361,153.33,60.182958,2.55,87.0,733.0,2
2025-03-17,1.779361,221.93,60.170958,3.69,99.0,767.0,2
2025-03-18,1.779361,205.81,60.153083,3.42,85.2,811.0,2
2025-03-19,1.779361,206.26,57.896542,3.56,81.5,839.0,2
2025-03-20,1.779361,158.68,60.092125,2.64,93.3,747.0,2
2025-03-21,1.779361,199.39,60.052542,3.32,82.4,871.0,2
2025-03-22,1.779361,123.54,60.050458,2.06,83.8,622.0,2
2025-03-23,1.779361,147.8,60.051708,2.46,71.6,701.0,2
2025-03-24,1.779361,122.72,60.061875,2.04,73.3,552.0,2
2025-03-25,1.779361,182.88,60.062,3.04,78.4,711.0,2
2025-03-26,1.779361,133.07,53.104958,2.51,74.6,615.0,2
2025-03-27,1.779361,148.64,60.059833,2.47,71.2,616.0,2
2025-03-28,1.779361,200.41,60.062,3.34,99.0,814.0,2
2025-03-29,1.779361,114.67,60.05625,1.91,82.7,657.0,2
2025-03-30,1.779361,154.21,60.059625,2.57,77.7,672.0,2
2025-03-31,1.779361,127.37,57.592292,2.21,68.1,569.0,2
2025-04-01,1.779361,138.34,51.22152,2.7,76.2,689.0,2
2025-04-02,1.779361,140.33,57.801833,2.43,87.9,653.0,2
2025-04-03,1.779361,156.01,57.587,2.71,85.5,702.0,2
2025-04-04,1.779361,139.86,60.056208,2.33,85.7,626.0,2
2025-04-05,1.779361,193.64,57.586583,3.36,96.2,821.0,2
2025-04-06,1.779361,233.04,57.71128,4.04,99.0,883.0,2
2025-04-07,1.779361,183.79,60.085542,3.06,80.2,751.0,2
2025-04-08,1.779361,183.67,60.089375,3.06,88.0,788.0,2
2025-04-09,1.779361,149.36,42.8195,3.49,90.9,865.0,2
2025-04-10,1.779361,183.02,47.788375,3.83,95.6,946.0,2
2025-04-11,1.779361,172.79,53.589125,3.22,93.2,752.0,2
2025-04-12,1.779361,221.3,60.273667,3.67,96.1,819.0,2
2025-04-13,1.779361,194.45,52.1984,3.73,96.0,960.0,2
2025-04-14,1.779361,117.62,32.954542,3.57,98.2,841.0,2
2025-04-15,1.779361,152.23,60.087667,2.53,83.1,636.0,2
2025-04-16,1.779361,80.07,42.816958,1.87,68.6,477.0,2
2025-04-17,1.779361,93.23,55.159208,1.69,69.1,527.0,2
2025-04-18,1.779361,161.52,60.082292,2.69,78.5,780.0,2
2025-04-19,1.779361,154.8,57.617583,2.69,86.8,715.0,2
2025-04-20,1.779361,129.77,52.794,2.46,80.8,654.0,2
2025-04-21,1.779361,158.53,55.152583,2.87,90.6,702.0,2
2025-04-22,1.779361,176.4,60.081375,2.94,83.9,661.0,2
2025-04-23,1.779361,213.0,57.616833,3.7,90.2,866.0,2
2025-04-24,1.779361,108.7,50.225208,2.16,87.8,629.0,2
2025-04-25,1.779361,140.1,60.081083,2.33,93.8,622.0,2
2025-04-26,1.779361,143.54,42.925875,3.34,95.3,836.0,2
2025-04-27,1.779361,156.02,42.898333,3.64,86.8,826.0,2
2025-04-28,1.779361,160.27,40.44225,3.96,89.8,903.0,2
2025-04-29,1.779361,119.03,35.443,3.36,79.6,816.0,2
2025-04-30,1.779361,187.78,50.311125,3.73,86.3,877.0,2
2025-05-01,1.779361,151.83,60.079708,2.53,85.3,692.0,2
2025-05-02,1.779361,125.2,47.762667,2.62,84.5,727.0,2
2025-05-03,1.779361,141.65,60.0835,2.36,83.4,683.0,2
2025-05-04,1.779361,179.13,60.079,2.98,71.3,748.0,2
2025-05-05,1.779361,133.41,32.95525,4.05,99.0,829.0,2
2025-05-06,1.779361,123.94,55.15,2.25,88.0,615.0,2
2025-05-07,1.779361,124.07,43.257375,2.87,82.8,679.0,2
2025-05-08,1.779361,142.56,57.621375,2.47,82.4,685.0,2
2025-05-09,1.779361,63.23,30.596958,2.07,73.1,593.0,2
2025-05-10,1.779361,73.33,45.286042,1.62,86.4,566.0,2
2025-05-11,1.779361,49.92,30.584417,1.63,73.3,542.0,2
2025-05-12,1.779361,220.55,60.095333,3.67,92.1,893.0,2
2025-05-13,1.779361,152.89,60.101417,2.54,84.6,665.0,2
2025-05-14,1.779361,212.73,60.19975,3.53,89.4,777.0,2
2025-05-15,1.779361,151.43,48.57004,3.12,89.8,839.0,2
2025-05-16,1.779361,111.58,47.829792,2.33,79.8,562.0,2
2025-05-17,1.779361,75.33,40.448583,1.86,73.6,568.0,2
2025-05-18,1.779361,124.04,33.04025,3.75,97.4,793.0,2
2025-05-19,1.779361,131.23,57.84392,2.27,75.1,654.0,2
2025-05-20,1.779361,138.36,40.44725,3.42,81.5,897.0,2
2025-05-21,1.779361,101.87,52.846375,1.93,63.4,590.0,2
2025-05-22,1.779361,49.04,23.414625,2.09,74.8,476.0,1
2025-05-23,1.779361,170.69,48.174167,3.54,95.0,814.0,2
2025-05-24,1.779361,121.46,53.11775,2.29,77.4,688.0,2
2025-05-25,1.779361,140.22,55.506292,2.53,82.8,611.0,2
2025-05-26,1.779361,210.1,55.588958,3.78,90.1,891.0,2
2025-05-27,1.779361,151.41,60.321208,2.51,71.8,666.0,2
2025-05-28,1.779361,166.53,60.305792,2.76,79.6,702.0,2
2025-05-29,1.779361,145.36,60.327292,2.41,85.8,689.0,2
2025-05-30,1.779361,142.99,60.360875,2.37,77.2,601.0,2
2025-05-31,1.779361,194.61,60.588208,3.21,74.1,822.0,2
2025-06-01,1.779361,223.71,60.443917,3.7,89.4,847.0,2
2025-06-02,1.779361,94.47,37.39025,2.53,80.8,718.0,2
2025-06-03,1.779361,25.66,10.789444,2.38,73.5,500.0,1
2025-06-04,1.779361,24.82,18.3306,1.35,66.9,304.0,1
2025-06-05,1.779361,24.99,24.998722,1.0,51.4,251.0,1
2025-06-06,1.779361,107.57,37.8935,2.84,81.4,761.0,2
2025-06-07,1.779361,49.99,19.168708,2.61,79.7,545.0,1
2025-06-08,1.779361,46.76,26.6854,1.75,73.3,532.0,2
2025-06-09,1.779361,11.98,8.5014,1.41,59.4,359.0,1
2025-06-10,1.779361,16.02,8.948391,1.79,70.9,414.0,1
2025-06-11,1.779361,98.36,29.142708,3.38,83.6,839.0,2
2025-06-12,1.779361,24.04,22.30775,1.08,50.0,252.0,1
2025-06-13,1.779361,79.57,29.28436,2.72,70.7,661.0,2
2025-06-14,1.779361,45.48,22.210417,2.05,69.4,531.0,1
2025-06-15,1.779361,74.15,30.328391,2.44,88.4,663.0,2
2025-06-16,1.779361,71.89,40.173417,1.79,82.6,680.0,2
2025-06-17,1.779361,6.72,8.787667,0.76,72.5,323.0,1
2025-06-18,1.779361,9.15,5.753625,1.59,60.0,383.0,1
2025-06-19,1.779361,20.86,11.971348,1.74,71.3,387.0,1
2025-06-20,1.779361,48.68,19.134333,2.54,76.8,506.0,1
2025-06-21,1.779361,41.53,17.198,2.41,61.4,453.0,1
2025-06-22,1.779361,15.46,7.46681,2.07,71.9,517.0,1
2025-06-23,1.779361,20.89,7.532294,2.77,92.1,533.0,1
2025-06-24,1.779361,13.13,8.364941,1.57,56.1,389.0,1
2025-06-25,1.779361,4.85,2.7372,1.77,53.8,354.0,1
2025-06-26,1.779361,48.36,16.736125,2.89,88.7,564.0,1
2025-06-27,1.779361,5.46,4.870542,1.12,62.0,369.0,1
2025-06-28,1.779361,34.13,16.911875,2.02,70.9,497.0,1
2025-06-29,1.779361,11.05,5.022458,2.2,71.8,555.0,1
2025-06-30,1.779361,3.64,2.624542,1.39,50.2,240.0,1
2025-07-01,1.779361,3.67,2.351708,1.56,75.7,419.0,1
2025-07-02,1.779361,3.94,3.288667,1.2,55.1,360.0,1
2025-07-03,1.779361,4.1,2.829792,1.45,66.6,307.0,1
2025-07-04,1.779361,6.28,3.94225,1.59,67.0,378.0,1
2025-07-05,1.779361,3.47,2.582375,1.34,53.8,368.0,1
2025-07-06,1.779361,5.4,2.324208,2.32,64.4,591.0,1
2025-07-07,1.779361,5.73,2.361292,2.43,86.0,513.0,1
2025-07-08,1.779361,29.28,15.187625,1.93,78.8,577.0,1
2025-07-09,1.779361,8.74,5.117542,1.71,58.7,281.0,1
2025-07-10,1.779361,14.2,10.324167,1.38,65.7,340.0,1
2025-07-11,1.779361,22.85,15.59125,1.47,51.4,374.0,1
2025-07-12,1.779361,16.3,12.305417,1.32,66.8,282.0,1
2025-07-13,1.779361,40.41,17.178292,2.35,74.3,640.0,1
2025-07-14,1.779361,32.47,17.181083,1.89,59.4,418.0,1
2025-07-15,1.779361,21.48,17.191042,1.25,60.7,363.0,1
2025-07-16,1.779361,46.26,19.623458,2.36,77.3,576.0,1
2025-07-17,1.779361,28.94,19.623458,1.47,63.1,420.0,1
2025-07-18,1.779361,20.63,19.623458,1.05,52.7,254.0,1
2025-07-19,1.779361,29.51,19.623458,1.5,49.6,377.0,1
2025-07-20,1.779361,25.62,12.934208,1.98,76.5,465.0,1
2025-07-21,1.779361,6.57,2.926292,2.25,83.8,501.0,1
2025-07-22,1.779361,5.65,4.445042,1.27,69.6,402.0,1
2025-07-23,1.779361,12.06,4.560833,2.64,71.1,655.0,1
2025-07-24,1.779361,10.06,4.219333,2.38,77.7,503.0,1
2025-07-25,1.779361,9.66,4.219333,2.29,83.9,545.0,1
2025-07-26,1.779361,6.71,4.219333,1.59,51.4,384.0,1
2025-07-27,1.779361,8.06,10.288833,0.78,53.3,339.0,1
2025-07-28,1.779361,13.09,5.787625,2.26,75.8,484.0,1
2025-07-29,1.779361,11.75,9.881542,1.19,57.3,339.0,1
2025-07-30,1.779361,27.97,14.370708,1.95,75.0,485.0,1
2025-07-31,1.779361,40.12,17.598042,2.28,70.5,595.0,1
2025-08-01,1.779361,55.31,26.959292,2.05,72.7,516.0,2
2025-08-02,1.779361,126.41,37.939625,3.33,98.3,869.0,2
2025-08-03,1.779361,103.14,26.617958,3.87,91.9,913.0,2
2025-08-04,1.779361,47.74,19.827125,2.41,71.1,477.0,1
2025-08-05,1.779361,87.6,33.687625,2.6,86.4,712.0,2
2025-08-06,1.779361,213.35,58.649292,3.64,88.5,820.0,2
2025-08-07,1.779361,132.25,46.108,2.87,85.1,709.0,2
2025-08-08,1.779361,100.08,29.763542,3.36,88.1,788.0,2
2025-08-09,1.779361,136.9,41.182833,3.32,89.3,936.0,2
2025-08-10,1.779361,165.87,48.818,3.4,94.8,862.0,2
2025-08-11,1.779361,23.68,24.719708,0.96,48.8,342.0,1
2025-08-12,1.779361,16.04,14.998333,1.07,47.3,308.0,1
2025-08-13,1.779361,3.58,3.185042,1.12,64.7,357.0,1
2025-08-14,1.779361,93.58,32.617792,2.87,83.1,700.0,2
2025-08-15,1.779361,156.79,56.137833,2.79,91.4,793.0,2
2025-08-16,1.779361,188.94,60.644167,3.12,80.1,749.0,2
2025-08-17,1.779361,136.84,51.002125,2.68,78.7,668.0,2
2025-08-18,1.779361,17.6,9.969958,1.77,59.6,578.0,1
2025-08-19,1.779361,28.75,9.969958,2.88,86.8,570.0,1
2025-08-20,1.779361,73.05,33.706708,2.17,69.7,624.0,2
2025-08-21,1.779361,201.27,55.645375,3.62,82.2,899.0,2
2025-08-22,1.779361,185.12,58.037708,3.19,89.8,736.0,2
2025-08-23,1.779361,166.62,58.165792,2.86,92.8,717.0,2
2025-08-24,1.779361,116.45,57.956792,2.01,79.0,608.0,2
2025-08-25,1.779361,202.19,55.466417,3.65,80.8,828.0,2
2025-08-26,1.779361,209.51,55.466417,3.78,99.0,890.0,2
2025-08-27,1.779361,39.02,16.7025,2.34,66.4,470.0,1
2025-08-28,1.779361,41.59,16.295417,2.55,76.6,577.0,1
2025-08-29,1.779361,42.86,16.295417,2.63,71.3,626.0,1
2025-08-30,1.779361,24.33,16.295417,1.49,60.3,386.0,1
2025-08-31,1.779361,30.36,16.295417,1.86,70.4,476.0,1
2025-09-01,1.779361,136.29,53.374083,2.55,88.4,695.0,2
2025-09-02,1.779361,211.76,52.416167,4.04,85.4,901.0,2
2025-09-03,1.779361,69.79,36.290625,1.92,69.0,518.0,2
2025-09-04,1.779361,113.47,48.399083,2.34,74.9,644.0,2
2025-09-05,1.779361,186.15,53.274792,3.49,99.0,881.0,2
2025-09-06,1.779361,149.02,60.538792,2.46,73.2,597.0,2
2025-09-07,1.779361,41.79,17.954583,2.33,75.9,621.0,1
2025-09-08,1.779361,5.15,3.472292,1.48,67.3,418.0,1
2025-09-09,1.779361,9.82,4.14244,2.37,94.2,559.0,1
2025-09-10,1.779361,11.06,4.577375,2.42,77.1,547.0,1
2025-09-11,1.779361,8.39,4.949333,1.7,53.2,306.0,1
2025-09-12,1.779361,13.11,5.297833,2.47,73.9,521.0,1
2025-09-13,1.779361,11.01,8.71,1.26,56.2,365.0,1
2025-09-14,1.779361,10.56,5.208,2.03,65.6,410.0,1
2025-09-15,1.779361,10.36,4.91875,2.11,76.6,491.0,1
2025-09-16,1.779361,10.67,4.60825,2.31,85.5,513.0,1
2025-09-17,1.779361,4.57,5.029625,0.91,49.4,265.0,1
2025-09-18,1.779361,3.82,4.095583,0.93,53.6,312.0,1
2025-09-19,1.779361,9.03,4.095583,2.21,75.5,550.0,1
2025-09-20,1.779361,4.13,2.013458,2.05,80.6,507.0,1
2025-09-21,1.779361,4.51,2.14825,2.1,71.5,503.0,1
2025-09-22,1.779361,2.98,2.643125,1.13,59.4,271.0,1
2025-09-23,1.779361,3.88,2.643125,1.47,62.2,403.0,1
2025-09-24,1.779361,6.4,2.643125,2.42,73.6,460.0,1
2025-09-25,1.779361,2.42,2.643125,0.92,63.3,289.0,1
2025-09-26,1.779361,4.41,2.643125,1.67,72.6,453.0,1
2025-09-27,1.779361,8.02,2.643125,3.03,72.9,625.0,1
2025-09-28,1.779361,3.3,2.643125,1.25,54.8,231.0,1
2025-09-29,1.779361,6.63,2.643125,2.51,72.8,440.0,1
2025-09-30,1.779361,3.86,2.643125,1.46,63.1,426.0,1
2025-10-01,1.779361,7.27,2.643125,2.75,68.5,532.0,1
2025-10-02,1.779361,5.35,2.643125,2.02,71.7,470.0,1
2025-10-03,1.779361,6.06,2.643125,2.29,81.0,591.0,1
2025-10-04,1.779361,2.83,2.643125,1.07,54.5,312.0,1
2025-10-05,1.779361,4.77,2.643125,1.81,70.0,442.0,1
2025-10-06,1.779361,6.6,2.643125,2.5,79.6,513.0,1
2025-10-07,1.779361,3.58,2.643125,1.36,53.1,362.0,1
2025-10-08,1.779361,3.05,2.643125,1.16,50.2,310.0,1
2025-10-09,1.779361,2.15,2.643125,0.81,51.6,298.0,1
2025-10-10,1.779361,6.19,2.643125,2.34,71.1,573.0,1
2025-10-11,1.779361,5.06,2.643125,1.92,72.2,477.0,1
2025-10-12,1.779361,5.22,2.643125,1.97,68.7,482.0,1
2025-10-13,1.779361,6.62,2.643125,2.51,70.4,532.0,1
2025-10-14,1.779361,4.95,2.643125,1.87,63.1,446.0,1
2025-10-15,1.779361,4.36,2.643125,1.65,73.6,453.0,1
2025-10-16,1.779361,5.23,2.643125,1.98,65.7,464.0,1
2025-10-17,1.779361,5.3,2.643125,2.01,72.4,498.0,1
2025-10-18,1.779361,4.14,2.643125,1.57,57.0,332.0,1
2025-10-19,1.779361,6.39,2.643125,2.42,76.2,513.0,1
2025-10-20,1.779361,5.85,2.643125,2.21,79.7,580.0,1
2025-10-21,1.779361,4.1,2.643125,1.55,54.7,425.0,1
2025-10-22,1.779361,6.09,2.643125,2.3,56.4,440.0,1
2025-10-23,1.779361,3.32,2.643125,1.26,57.1,337.0,1
2025-10-24,1.779361,7.48,2.643125,2.83,82.8,611.0,1
2025-10-25,1.779361,6.92,2.643125,2.62,89.7,646.0,1
2025-10-26,1.779361,5.91,2.643125,2.23,85.1,678.0,1
2025-10-27,1.779361,4.67,2.643125,1.77,58.5,374.0,1
2025-10-28,1.779361,2.86,2.643125,1.08,63.4,343.0,1
2025-10-29,1.779361,5.12,3.27,1.57,56.8,350.0,1
2025-10-30,1.779361,2.24,3.335667,0.67,60.3,287.0,1
2025-10-31,1.779361,3.88,3.353292,1.16,58.1,339.0,1
2025-11-01,1.779361,2.97,2.861208,1.04,51.9,331.0,1
2025-11-02,1.779361,7.0,2.510375,2.79,68.0,583.0,1
2025-11-03,1.779361,2.34,2.14225,1.09,48.7,334.0,1
2025-11-04,1.779361,2.11,1.895125,1.11,62.2,340.0,1
2025-11-05,1.779361,4.5,1.895125,2.37,82.0,514.0,1
2025-11-06,1.779361,3.97,1.895125,2.1,65.6,456.0,1
2025-11-07,1.779361,3.15,1.58225,1.99,69.0,557.0,1
2025-11-08,1.779361,3.25,1.549208,2.1,67.6,524.0,1
2025-11-09,1.779361,3.78,1.523958,2.48,70.6,553.0,1
2025-11-10,1.779361,3.43,1.5105,2.27,73.4,424.0,1
2025-11-11,1.779361,1.46,1.449,1.01,55.3,157.0,0
2025-11-12,1.779361,1.62,1.491167,1.09,59.1,221.0,0
2025-11-13,1.779361,2.73,1.513833,1.81,68.9,373.0,1
2025-11-14,1.779361,3.08,1.774875,1.73,68.3,385.0,1
2025-11-15,1.779361,2.84,1.6512,1.72,57.1,427.0,1
2025-11-16,1.779361,0.6,1.476625,0.4,30.3,31.0,0
2025-11-17,1.779361,1.59,1.412458,1.13,67.1,159.0,0
2025-11-18,1.779361,2.36,1.7375,1.36,61.9,369.0,1
2025-11-19,1.779361,0.43,1.399583,0.31,34.1,53.0,0
2025-11-20,1.779361,2.02,1.501,1.35,56.2,350.0,1
2025-11-21,1.779361,1.42,1.32925,1.07,64.2,221.0,0
2025-11-22,1.779361,12.97,9.5695,1.36,77.0,350.0,1
2025-11-23,1.779361,12.06,5.456042,2.21,92.3,438.0,1
2025-11-24,1.779361,5.29,2.321625,2.28,82.7,588.0,1
2025-11-25,1.779361,0.35,1.16175,0.3,32.0,131.0,0
2025-11-26,1.779361,1.43,1.153308,1.24,65.5,236.0,0
2025-11-27,1.779361,0.83,1.153308,0.72,40.3,166.0,0
2025-11-28,1.779361,0.97,1.153308,0.84,39.9,132.0,0
2025-11-29,1.779361,1.19,1.153308,1.03,60.2,207.0,0
2025-11-30,1.779361,1.33,1.118208,1.19,60.7,259.0,0
2025-12-01,1.779361,0.8,1.225708,0.66,39.9,116.0,0
2025-12-02,1.779361,1.22,1.236762,0.99,58.5,182.0,0
2025-12-03,1.779361,1.03,1.125125,0.91,34.0,108.0,0
2025-12-04,1.779361,8.77,4.775833,1.84,68.1,429.0,1
2025-12-05,1.779361,1.35,1.1485,1.17,65.4,205.0,0
2025-12-06,1.779361,1.15,1.127167,1.02,55.0,187.0,0
2025-12-07,1.779361,1.02,1.033261,0.98,55.0,170.0,0
2025-12-08,1.779361,0.58,1.221611,0.47,37.2,104.0,0
2025-12-09,1.779361,1.29,1.153875,1.12,55.4,166.0,0
2025-12-10,1.779361,0.87,0.988208,0.88,54.9,156.0,0
2025-12-11,1.779361,0.79,0.979667,0.81,64.8,172.0,0
2025-12-12,1.779361,0.3,1.117458,0.27,40.6,59.0,0
2025-12-13,1.779361,0.92,1.026208,0.9,42.7,182.0,0
2025-12-14,1.779361,0.77,0.950375,0.81,51.6,143.0,0
2025-12-15,1.779361,0.23,0.964917,0.24,30.5,121.0,0
2025-12-16,1.779361,0.4,1.007625,0.4,43.9,101.0,0
2025-12-17,1.779361,0.55,1.024542,0.54,46.7,154.0,0
2025-12-18,1.779361,0.9,1.037333,0.87,58.7,154.0,0
2025-12-19,1.779361,0.45,0.947167,0.47,30.6,99.0,0
2025-12-20,1.779361,1.16,0.92975,1.25,59.6,230.0,0
2025-12-21,1.779361,0.74,0.916273,0.81,56.4,139.0,0
2025-12-22,1.779361,3.77,1.848333,2.04,75.5,540.0,1
2025-12-23,1.779361,0.88,0.9412,0.94,44.2,140.0,0
2025-12-24,1.779361,0.56,0.9412,0.6,57.3,133.0,0
2025-12-25,1.779361,1.06,0.9412,1.13,58.3,253.0,0
2025-12-26,1.779361,1.47,0.9412,1.56,69.2,243.0,0
2025-12-27,1.779361,2.78,1.718667,1.62,73.3,444.0,1
